도시별,지출목적별,2003,2004,2005,2006,2007,2008,2009,2010,2011,2012,2013,2014,2015,2016,2017,2018,2019,2020,2021,2022
전국,0 총지수,69.908,72.418,74.413,76.081,78.010,81.656,83.906,86.373,89.850,91.815,93.010,94.196,94.861,95.783,97.645,99.086,99.466,100.00,102.50,107.71
,01 식료품 및 비주류음료,55.212,59.670,61.523,61.846,63.394,66.532,71.573,76.162,82.363,85.626,86.360,86.612,88.041,90.073,93.134,95.717,95.762,100.00,105.89,112.15
,02 주류 및 담배,52.164,52.757,60.594,60.472,60.720,61.043,61.735,61.987,62.468,63.402,64.460,64.413,96.674,97.338,98.805,99.063,99.682,100.00,100.43,102.62
,03 의류 및 신발,68.497,68.716,69.406,71.262,73.165,75.039,78.839,81.153,83.852,87.862,90.431,94.060,95.317,97.029,98.082,99.169,99.270,100.00,100.56,103.71
,"04 주택, 수도, 전기 및 연료",70.024,72.302,73.678,75.791,77.485,80.850,81.753,83.695,87.475,91.499,94.735,97.451,96.827,96.038,97.666,98.354,99.488,100.00,101.63,107.19
,05 가정용품 및 가사 서비스,72.985,73.518,73.941,74.095,76.030,79.376,82.894,83.185,86.269,88.743,88.980,90.872,93.225,94.673,95.712,97.875,99.967,100.00,101.87,106.78
,06 보건,80.401,81.555,83.360,85.000,86.480,88.147,90.064,91.640,93.252,94.106,94.443,95.108,96.298,97.247,98.109,98.058,98.516,100.00,99.92,100.76
,07 교통,77.396,80.107,84.129,88.020,91.153,99.173,95.661,100.348,107.373,110.852,110.267,108.496,99.990,97.775,101.277,103.727,101.867,100.00,106.33,116.68
,08 통신,120.681,118.800,116.621,115.125,112.812,111.179,110.994,109.981,108.203,105.419,105.282,105.217,105.017,105.105,105.410,104.507,102.112,100.00,99.10,100.02
,09 오락 및 문화,95.713,95.633,95.728,93.454,91.843,93.199,95.362,96.199,97.714,97.964,98.968,99.392,98.906,100.729,100.781,101.272,101.023,100.00,100.43,103.29
,10 교육,67.022,70.737,73.717,77.280,81.900,86.373,88.535,90.539,92.101,93.406,94.504,95.893,97.540,99.135,100.272,101.645,102.178,100.00,100.87,102.23
,11 음식 및 숙박,65.833,68.309,69.949,71.307,72.630,76.110,79.030,80.874,84.331,85.342,86.666,87.923,89.974,92.232,94.441,97.292,99.061,100.00,102.73,110.53
,12 기타 상품 및 서비스,61.728,62.975,63.877,67.198,70.514,76.876,82.140,85.027,87.776,84.908,85.302,87.932,90.271,93.378,95.967,96.533,98.082,100.00,102.00,108.27
　　　서울특별시,0 총지수,69.180,71.874,73.755,75.279,77.252,80.466,82.838,85.162,88.412,90.605,91.869,93.300,94.470,95.585,97.494,98.799,99.382,100.00,102.10,106.69
,01 식료품 및 비주류음료,55.344,60.378,62.877,63.087,64.627,67.498,72.648,76.649,82.635,85.688,85.903,86.106,88.038,89.857,93.614,95.878,95.330,100.00,105.39,111.50
,02 주류 및 담배,53.095,53.479,61.579,61.528,61.728,62.051,62.697,62.954,63.327,64.176,65.183,64.989,96.145,97.095,98.483,98.722,99.493,100.00,100.67,102.87
,03 의류 및 신발,68.266,68.613,69.272,71.107,72.977,74.784,78.548,80.828,83.462,87.294,89.771,93.402,94.916,96.573,97.476,98.508,99.076,100.00,100.66,103.80
,"04 주택, 수도, 전기 및 연료",68.021,70.347,71.314,73.097,74.880,77.643,79.515,81.411,84.945,89.037,92.441,95.463,95.737,95.486,97.528,98.215,99.355,100.00,101.48,105.62
,05 가정용품 및 가사 서비스,71.590,72.742,73.064,73.205,75.159,78.123,81.801,81.727,84.369,88.347,88.323,89.479,91.507,92.995,94.070,97.105,99.793,100.00,101.75,106.41
,06 보건,80.177,81.129,82.965,84.437,86.304,88.046,89.947,91.259,92.788,93.785,94.313,94.945,95.959,96.900,97.786,97.844,98.453,100.00,99.78,100.59
,07 교통,73.551,76.563,80.192,83.380,86.815,93.759,90.918,95.015,100.495,104.921,104.687,103.445,98.352,97.919,100.507,102.201,101.522,100.00,104.64,112.55
,08 통신,119.976,118.059,115.856,114.620,112.467,110.903,110.739,109.733,107.968,105.181,105.095,105.096,104.999,105.091,105.429,104.518,102.123,100.00,99.19,100.08
,09 오락 및 문화,96.046,95.944,96.243,94.133,92.617,94.158,96.155,96.901,98.887,99.031,100.041,100.362,99.421,101.361,101.441,101.840,101.382,100.00,100.42,103.41
,10 교육,66.596,70.668,73.722,77.254,81.714,85.694,87.445,89.441,91.184,92.197,93.028,94.891,96.884,98.509,99.842,101.295,101.923,100.00,101.09,102.81
,11 음식 및 숙박,65.767,68.256,69.586,70.861,72.207,75.083,77.878,80.321,83.894,84.717,85.790,86.834,89.255,91.690,93.944,96.969,99.064,100.00,102.73,110.39
,12 기타 상품 및 서비스,62.555,63.516,64.611,67.410,70.802,76.940,82.754,85.674,88.172,85.615,85.782,89.024,91.123,94.056,96.333,96.615,98.159,100.00,101.64,108.06
　　　부산광역시,0 총지수,69.366,71.462,73.441,75.063,76.906,80.547,82.996,85.550,89.363,91.502,92.852,94.019,94.807,95.929,97.639,99.343,99.824,100.00,102.46,107.35
,01 식료품 및 비주류음료,55.031,58.679,60.209,60.535,63.029,66.175,71.966,76.783,82.816,86.624,88.064,87.745,89.090,91.141,93.511,96.718,96.993,100.00,105.91,111.75
,02 주류 및 담배,51.810,52.555,60.453,60.318,60.468,60.660,61.214,61.380,62.009,63.001,64.177,64.071,97.920,98.296,99.867,99.944,100.178,100.00,100.70,103.21
,03 의류 및 신발,68.804,68.883,69.527,71.260,73.138,74.894,78.770,81.164,83.876,87.908,90.442,94.102,95.295,96.845,98.159,99.414,99.314,100.00,100.57,103.68
,"04 주택, 수도, 전기 및 연료",72.470,74.496,75.957,77.736,78.742,82.458,82.217,84.414,88.579,93.361,96.973,99.062,96.979,96.029,97.294,98.364,99.660,100.00,100.97,105.56
,05 가정용품 및 가사 서비스,72.434,72.688,73.342,73.354,75.823,79.478,83.445,84.776,87.108,89.129,89.333,91.052,93.823,95.067,96.500,97.977,100.019,100.00,102.04,107.08
,06 보건,81.569,82.604,84.410,86.197,87.252,88.483,89.820,91.234,93.302,94.391,94.628,95.248,96.372,97.547,98.538,98.259,98.599,100.00,99.75,100.53
,07 교통,75.936,78.229,82.683,87.348,89.897,97.428,94.141,98.308,106.010,108.239,108.097,107.918,100.108,97.248,100.964,104.091,102.114,100.00,106.01,115.84
,08 통신,120.807,118.941,116.799,115.377,113.041,111.406,111.221,110.167,108.396,105.597,105.434,105.324,105.060,105.146,105.425,104.517,102.118,100.00,99.18,100.07
,09 오락 및 문화,96.300,96.260,95.710,93.102,91.028,92.058,94.474,95.255,96.613,97.638,98.880,99.194,98.960,100.611,100.648,101.235,101.088,100.00,100.52,103.53
,10 교육,66.076,68.554,71.521,75.276,80.133,84.389,86.308,88.574,91.549,92.692,93.725,95.620,97.690,100.014,100.886,102.278,103.662,100.00,101.86,102.26
,11 음식 및 숙박,64.433,66.674,68.377,69.699,70.816,74.907,78.371,79.841,84.026,85.092,86.082,87.511,89.334,92.531,94.428,97.654,99.467,100.00,103.01,110.88
,12 기타 상품 및 서비스,61.194,62.255,62.712,65.738,68.298,74.177,79.030,81.462,84.048,83.519,85.366,88.333,91.317,93.815,96.535,96.961,98.267,100.00,101.73,107.96
　　　대구광역시,0 총지수,69.886,71.945,73.796,75.481,77.264,80.979,82.885,85.229,88.766,90.939,92.442,93.769,94.464,95.412,97.358,99.047,99.710,100.00,102.64,108.02
,01 식료품 및 비주류음료,55.358,59.272,60.837,60.933,62.454,65.704,70.332,75.243,81.432,84.829,85.478,86.756,87.940,90.595,93.475,96.809,96.806,100.00,106.01,112.48
,02 주류 및 담배,51.073,51.755,58.972,58.746,58.987,59.242,60.039,60.383,60.921,61.827,62.397,62.433,97.178,97.959,99.403,99.404,99.740,100.00,99.93,101.84
,03 의류 및 신발,67.515,67.680,68.498,70.474,72.403,74.350,78.021,80.306,82.735,86.836,89.376,93.206,94.571,96.239,97.211,98.280,99.024,100.00,100.49,103.65
,"04 주택, 수도, 전기 및 연료",73.759,75.676,77.331,79.664,80.779,83.943,83.054,84.698,88.100,92.067,95.574,98.489,97.881,96.488,97.077,97.806,99.345,100.00,101.18,106.17
,05 가정용품 및 가사 서비스,75.694,75.098,75.134,74.752,75.779,79.253,82.390,82.547,85.450,87.630,88.652,90.828,94.037,95.366,96.038,97.769,99.945,100.00,101.90,107.34
,06 보건,80.395,81.463,83.092,84.664,86.145,87.683,89.462,91.284,92.965,93.481,93.700,94.373,95.870,96.970,97.648,97.838,98.316,100.00,100.10,100.91
,07 교통,81.546,83.813,88.064,92.923,96.211,105.061,101.252,105.771,113.643,116.244,115.179,112.506,101.435,97.575,103.106,106.501,103.697,100.00,107.26,118.55
,08 통신,120.625,118.747,116.536,115.148,112.884,111.254,111.137,109.991,108.250,105.472,105.282,105.161,104.892,104.980,105.281,104.414,102.060,100.00,98.99,99.94
,09 오락 및 문화,94.945,94.252,94.010,92.239,91.002,92.279,94.198,95.076,96.684,96.676,97.809,98.279,98.082,100.105,100.557,101.155,101.036,100.00,100.86,103.70
,10 교육,66.321,69.736,72.160,75.606,79.888,84.176,86.702,87.958,89.806,92.534,94.959,95.917,96.884,98.692,100.471,101.612,102.482,100.00,101.70,104.45
,11 음식 및 숙박,62.855,64.734,65.949,67.158,68.537,72.130,74.746,76.449,80.704,82.481,84.673,86.058,87.920,90.686,92.939,95.866,98.990,100.00,102.58,110.45
,12 기타 상품 및 서비스,61.127,62.251,63.118,66.389,69.344,75.530,80.048,82.012,83.987,82.640,84.210,87.267,90.240,93.046,95.574,96.430,98.043,100.00,102.20,108.36
　　　인천광역시,0 총지수,70.250,72.692,74.541,76.324,78.100,81.945,84.132,86.796,89.761,91.542,92.533,93.832,94.760,95.571,97.383,98.960,99.222,100.00,102.62,107.96
,01 식료품 및 비주류음료,57.516,61.853,62.988,62.993,63.670,67.323,71.864,76.599,82.120,85.696,86.812,86.704,87.909,89.636,92.380,95.678,95.909,100.00,106.26,112.92
,02 주류 및 담배,50.847,51.676,60.088,60.068,60.324,60.669,61.251,61.496,62.070,63.042,63.960,63.865,97.344,97.875,99.047,99.347,100.058,100.00,100.65,102.57
,03 의류 및 신발,69.225,69.456,70.029,71.972,73.910,75.911,79.716,81.931,84.763,88.934,91.332,94.817,95.995,97.730,98.876,99.927,99.382,100.00,100.48,103.59
,"04 주택, 수도, 전기 및 연료",69.137,71.233,72.357,74.841,76.921,80.575,82.010,84.096,87.516,91.141,94.113,97.345,96.656,95.736,96.900,97.721,99.072,100.00,101.56,107.50
,05 가정용품 및 가사 서비스,73.959,74.408,74.560,75.163,77.604,81.631,83.805,83.694,86.944,88.312,88.234,90.511,92.843,94.240,94.963,97.418,99.698,100.00,102.12,107.40
,06 보건,80.409,81.380,83.412,85.151,87.215,88.835,90.984,92.492,93.841,94.737,94.695,95.429,96.585,97.362,98.073,97.715,98.346,100.00,100.23,101.18
,07 교통,76.543,79.164,83.580,87.298,89.937,98.007,93.836,98.633,105.348,109.196,108.928,107.489,100.192,98.144,101.614,103.710,101.687,100.00,106.60,116.65
,08 통신,121.347,119.388,117.111,115.481,113.011,111.342,111.137,110.110,108.248,105.340,105.197,105.116,104.908,104.998,105.334,104.453,102.075,100.00,98.95,99.91
,09 오락 및 문화,94.330,94.604,95.081,93.172,91.769,93.322,95.707,96.603,97.931,98.375,99.181,99.728,98.869,100.748,100.358,100.945,100.682,100.00,100.04,102.52
,10 교육,69.908,73.878,76.829,80.260,84.242,89.460,92.206,94.808,95.891,95.477,95.344,96.598,98.182,99.736,100.490,101.375,100.846,100.00,101.32,101.12
,11 음식 및 숙박,64.060,66.747,68.887,71.345,73.032,76.058,78.722,80.357,82.152,83.579,85.189,86.791,88.809,90.506,93.242,97.008,98.604,100.00,102.36,110.66
,12 기타 상품 및 서비스,61.222,62.095,62.472,65.642,68.942,75.308,80.530,84.330,87.555,84.625,83.273,86.146,89.420,92.967,96.160,96.074,98.066,100.00,102.15,108.70
　　　광주광역시,0 총지수,69.985,72.948,75.166,76.851,78.855,82.595,84.681,87.173,90.726,92.347,93.540,95.041,95.306,96.180,98.191,99.345,99.564,100.00,102.57,107.78
,01 식료품 및 비주류음료,55.310,60.278,62.493,63.041,64.092,67.175,71.887,76.616,83.122,86.210,86.507,87.519,89.142,91.222,94.751,95.732,95.870,100.00,106.33,112.98
,02 주류 및 담배,51.351,52.271,59.771,59.736,60.249,60.618,61.096,60.807,61.248,62.125,63.046,63.047,97.119,97.411,99.522,99.899,100.112,100.00,100.05,103.10
,03 의류 및 신발,67.311,67.174,67.944,69.852,71.699,73.680,77.780,80.228,83.023,86.879,89.500,93.187,94.222,96.036,97.038,98.159,98.824,100.00,100.51,103.36
,"04 주택, 수도, 전기 및 연료",71.479,73.556,76.098,78.431,80.143,83.593,83.878,85.462,89.002,93.014,96.829,99.502,97.797,96.009,97.276,97.703,99.257,100.00,100.91,105.99
,05 가정용품 및 가사 서비스,73.719,74.774,74.933,75.002,77.387,80.241,83.512,84.024,88.407,89.962,89.660,92.175,93.845,95.657,96.484,98.340,100.189,100.00,101.98,106.93
,06 보건,81.489,82.797,84.479,85.760,86.760,88.344,90.090,91.856,93.304,94.197,94.831,95.782,96.888,97.542,98.307,98.208,98.465,100.00,99.91,100.79
,07 교통,79.731,82.992,86.394,90.051,93.838,102.700,98.762,103.427,111.348,114.018,113.333,111.091,100.795,98.001,102.024,104.744,102.458,100.00,106.18,116.58
,08 통신,120.667,118.768,116.585,115.253,113.028,111.377,111.250,110.198,108.417,105.627,105.470,105.369,105.112,105.192,105.460,104.540,102.136,100.00,98.88,99.86
,09 오락 및 문화,94.537,94.552,94.404,92.154,90.226,91.461,93.625,94.585,95.996,96.217,97.390,98.093,98.459,99.956,100.133,100.547,100.621,100.00,100.44,103.37
,10 교육,66.545,72.082,74.888,78.283,83.957,88.962,90.890,92.934,94.072,94.939,97.768,99.230,100.497,101.538,102.858,103.688,103.770,100.00,101.38,103.44
,11 음식 및 숙박,65.173,68.279,70.322,71.599,73.018,76.575,79.564,81.023,83.650,85.243,85.471,88.401,89.699,92.781,94.729,97.351,98.472,100.00,103.16,110.37
,12 기타 상품 및 서비스,60.795,62.153,62.707,66.130,69.772,75.532,80.376,83.768,87.529,83.105,83.791,87.174,89.211,93.115,96.464,96.932,98.261,100.00,101.77,107.60
　　　대전광역시,0 총지수,70.941,73.648,75.800,77.733,79.641,83.393,85.288,87.896,91.837,93.669,94.592,95.459,95.648,96.297,97.894,99.412,99.622,100.00,102.50,107.52
,01 식료품 및 비주류음료,54.633,59.851,61.549,61.867,63.334,66.806,71.535,76.058,82.530,86.231,86.178,86.183,86.848,88.965,92.294,94.858,95.655,100.00,106.24,112.22
,02 주류 및 담배,51.132,51.786,59.979,60.049,60.334,60.778,61.373,61.668,61.864,62.737,64.000,64.184,96.149,97.085,98.486,98.702,99.008,100.00,100.18,102.86
,03 의류 및 신발,68.909,69.030,69.659,71.698,73.591,75.489,79.420,81.761,84.534,88.683,91.265,94.901,95.821,97.543,98.612,99.949,99.480,100.00,100.56,104.07
,"04 주택, 수도, 전기 및 연료",72.584,75.510,77.573,79.990,81.102,84.445,84.244,86.884,91.372,95.159,97.875,100.351,98.442,96.155,96.976,98.095,99.192,100.00,101.49,106.26
,05 가정용품 및 가사 서비스,75.100,74.986,75.827,75.625,77.507,80.458,83.572,83.471,87.777,90.054,90.312,91.948,95.019,96.129,96.969,98.440,100.025,100.00,101.99,107.14
,06 보건,82.148,83.507,85.169,86.951,88.293,89.584,90.826,92.139,93.575,94.597,94.843,95.654,96.914,97.933,98.434,98.505,99.036,100.00,99.57,100.04
,07 교통,80.297,83.127,86.880,91.948,94.749,103.112,98.847,103.682,111.917,114.950,113.885,111.147,101.315,98.909,102.358,104.577,102.367,100.00,106.82,117.22
,08 통신,120.198,118.255,116.206,114.977,112.866,111.249,111.162,110.064,108.305,105.499,105.394,105.369,105.230,105.311,105.589,104.633,102.195,100.00,99.69,100.45
,09 오락 및 문화,93.805,94.115,94.489,92.197,91.552,92.450,94.143,95.442,97.064,97.906,98.529,98.971,98.860,100.581,100.924,101.237,101.041,100.00,100.38,103.36
,10 교육,70.097,73.196,75.739,78.894,84.126,88.146,91.119,93.272,94.539,95.779,96.381,96.798,98.519,99.650,100.484,101.993,102.993,100.00,100.34,101.91
,11 음식 및 숙박,65.302,67.637,70.138,71.961,73.276,77.601,79.909,82.020,86.791,87.500,89.166,90.239,92.261,94.509,95.843,98.861,99.210,100.00,102.66,110.63
,12 기타 상품 및 서비스,63.200,64.349,65.896,70.497,74.072,80.699,85.376,87.545,90.157,84.467,85.363,87.597,89.975,93.296,95.851,96.799,97.928,100.00,102.15,107.92
　　　울산광역시,0 총지수,69.927,72.596,74.823,76.875,79.064,83.180,85.113,87.815,91.313,93.272,94.688,95.812,96.251,97.205,99.006,100.026,99.705,100.00,102.49,107.57
,01 식료품 및 비주류음료,54.372,58.608,60.827,61.583,63.494,67.093,71.047,75.764,82.400,85.949,87.181,88.238,89.550,91.855,94.687,96.072,95.361,100.00,106.17,112.10
,02 주류 및 담배,51.742,52.685,59.655,59.392,59.630,60.038,60.794,61.171,61.793,62.746,63.717,63.874,96.924,97.511,98.744,99.388,99.763,100.00,100.22,102.94
,03 의류 및 신발,69.011,69.362,69.943,71.831,73.800,75.578,79.383,81.779,84.730,88.995,91.583,95.425,96.282,97.912,99.061,100.000,99.634,100.00,100.64,104.01
,"04 주택, 수도, 전기 및 연료",70.366,73.854,75.889,79.600,82.376,87.294,87.673,90.262,93.594,98.165,101.371,104.208,102.505,100.572,101.057,100.777,100.182,100.00,101.30,107.06
,05 가정용품 및 가사 서비스,72.143,72.725,72.945,73.522,75.850,79.412,82.299,82.165,85.506,87.054,88.289,90.830,92.500,94.475,95.926,97.949,99.725,100.00,101.88,106.43
,06 보건,79.298,80.768,82.619,84.189,85.703,86.791,88.078,89.634,92.069,92.921,93.035,94.327,96.350,97.561,98.432,98.310,98.698,100.00,100.10,100.81
,07 교통,80.194,82.560,86.253,90.810,93.843,102.705,98.529,103.250,110.022,113.050,112.268,110.140,100.790,98.481,101.835,103.977,101.850,100.00,104.98,113.58
,08 통신,120.444,118.478,116.364,114.783,112.398,110.758,110.574,109.468,107.754,104.971,104.894,104.901,104.824,104.922,105.260,104.398,102.042,100.00,98.92,99.89
,09 오락 및 문화,95.176,95.848,95.784,93.820,92.048,93.046,95.337,96.630,97.854,98.096,99.043,99.183,98.774,100.536,100.422,101.211,101.033,100.00,100.27,103.66
,10 교육,69.612,73.741,78.142,81.873,86.795,91.992,93.021,94.707,95.394,96.097,97.182,98.040,99.711,101.502,102.740,103.487,103.594,100.00,99.99,101.64
,11 음식 및 숙박,65.469,67.036,68.389,69.529,70.902,74.430,77.753,79.546,83.186,85.028,87.993,88.950,91.347,93.762,96.449,98.580,99.132,100.00,102.91,110.18
,12 기타 상품 및 서비스,60.892,62.720,63.364,66.754,70.133,76.433,81.698,85.117,88.783,86.137,86.536,88.513,90.775,94.088,96.709,97.278,98.636,100.00,102.40,108.04
　　　세종특별자치시,0 총지수,-,-,-,-,-,-,-,-,-,-,-,-,95.626,96.311,98.205,99.232,99.566,100.00,102.71,108.23
,01 식료품 및 비주류음료,-,-,-,-,-,-,-,-,-,-,-,-,88.898,91.031,94.482,96.533,96.714,100.00,104.50,110.67
,02 주류 및 담배,-,-,-,-,-,-,-,-,-,-,-,-,96.818,97.365,99.183,99.364,99.544,100.00,100.28,103.61
,03 의류 및 신발,-,-,-,-,-,-,-,-,-,-,-,-,95.989,97.860,99.029,100.076,99.389,100.00,100.65,104.05
,"04 주택, 수도, 전기 및 연료",-,-,-,-,-,-,-,-,-,-,-,-,95.527,94.150,95.868,96.390,98.222,100.00,104.50,112.70
,05 가정용품 및 가사 서비스,-,-,-,-,-,-,-,-,-,-,-,-,95.481,95.788,96.734,98.371,100.064,100.00,101.63,105.88
,06 보건,-,-,-,-,-,-,-,-,-,-,-,-,97.280,98.022,98.734,98.376,98.820,100.00,99.48,100.22
,07 교통,-,-,-,-,-,-,-,-,-,-,-,-,101.490,98.568,102.204,104.434,101.796,100.00,106.61,116.68
,08 통신,-,-,-,-,-,-,-,-,-,-,-,-,105.192,105.275,105.559,104.614,102.181,100.00,99.45,100.26
,09 오락 및 문화,-,-,-,-,-,-,-,-,-,-,-,-,98.393,100.349,100.886,101.134,101.008,100.00,100.41,103.24
,10 교육,-,-,-,-,-,-,-,-,-,-,-,-,102.192,102.591,103.334,103.800,104.273,100.00,100.48,101.52
,11 음식 및 숙박,-,-,-,-,-,-,-,-,-,-,-,-,90.550,93.523,95.030,96.630,98.471,100.00,102.17,109.55
,12 기타 상품 및 서비스,-,-,-,-,-,-,-,-,-,-,-,-,88.824,92.454,95.651,96.744,98.602,100.00,102.20,107.91
　　　경기도,0 총지수,69.868,72.280,74.284,76.097,78.004,81.767,84.138,86.546,89.871,91.769,92.890,94.038,94.734,95.624,97.545,98.994,99.396,100.00,102.57,107.72
,01 식료품 및 비주류음료,55.886,59.992,61.808,62.519,63.678,66.655,71.703,76.566,82.946,85.659,86.667,86.888,88.176,89.972,93.133,95.521,95.707,100.00,106.33,112.76
,02 주류 및 담배,52.554,53.054,60.956,60.769,61.094,61.526,62.202,62.425,62.878,63.804,64.985,64.973,96.028,96.707,98.433,98.760,99.594,100.00,100.55,102.72
,03 의류 및 신발,69.056,69.140,69.864,71.692,73.550,75.448,79.174,81.387,84.114,88.171,90.686,94.286,95.497,97.251,98.346,99.362,99.259,100.00,100.52,103.61
,"04 주택, 수도, 전기 및 연료",68.786,70.666,71.697,73.848,75.951,79.196,80.809,82.286,85.852,89.843,92.950,95.534,95.953,95.720,97.748,98.382,99.380,100.00,101.92,107.16
,05 가정용품 및 가사 서비스,73.539,73.382,73.935,74.120,76.073,79.553,83.108,83.193,86.639,88.275,88.463,90.962,93.461,94.981,95.945,98.044,100.001,100.00,101.70,106.41
,06 보건,79.343,80.674,82.577,84.367,85.674,87.690,89.865,91.702,93.300,94.026,94.187,94.750,95.970,96.902,97.826,97.977,98.425,100.00,99.89,100.66
,07 교통,75.734,78.719,83.041,86.818,89.952,98.248,94.505,99.826,106.672,110.925,110.089,107.944,99.302,97.342,100.645,103.134,101.277,100.00,106.24,116.41
,08 통신,121.378,119.462,117.323,115.563,113.022,111.380,111.175,110.154,108.366,105.475,105.312,105.216,104.983,105.066,105.351,104.461,102.093,100.00,99.16,100.06
,09 오락 및 문화,95.772,95.629,95.780,93.489,91.733,93.274,96.003,96.985,98.302,98.205,99.187,99.739,99.339,101.035,101.038,101.431,101.085,100.00,100.39,103.15
,10 교육,64.743,68.542,71.673,75.705,80.155,85.077,87.449,89.393,90.920,92.588,93.754,95.053,96.685,98.161,99.270,100.927,101.756,100.00,100.82,102.42
,11 음식 및 숙박,68.250,70.986,72.937,74.079,75.283,78.699,81.757,82.791,85.640,86.495,87.420,88.742,90.436,92.285,94.580,97.524,99.296,100.00,102.75,110.76
,12 기타 상품 및 서비스,61.468,62.945,63.729,67.570,71.165,78.001,83.436,86.570,89.513,86.028,85.811,87.953,90.272,93.354,95.667,96.166,97.905,100.00,102.23,108.66
　　　　　　수원시,0 총지수,69.179,71.616,73.520,75.285,77.282,81.179,83.850,86.411,89.839,91.892,93.035,94.199,95.040,95.696,97.506,98.995,99.336,100.00,102.59,107.93
,01 식료품 및 비주류음료,57.935,62.192,63.606,64.311,65.679,69.061,74.701,79.298,85.677,88.088,88.756,88.280,89.322,90.402,93.352,95.697,96.196,100.00,106.53,113.00
,02 주류 및 담배,51.894,52.345,60.688,60.400,60.834,61.269,61.922,62.068,62.808,63.615,64.672,64.538,95.721,96.328,98.259,98.539,99.301,100.00,100.67,103.05
,03 의류 및 신발,69.664,69.853,70.583,72.536,74.106,75.765,79.559,82.007,84.617,88.463,91.118,94.832,96.282,98.055,98.930,100.087,99.226,100.00,100.49,103.58
,"04 주택, 수도, 전기 및 연료",67.081,69.248,70.281,72.378,75.289,78.381,79.136,80.572,84.433,88.340,91.371,94.201,94.817,94.666,96.458,97.629,98.481,100.00,102.03,107.30
,05 가정용품 및 가사 서비스,71.517,71.198,72.094,72.257,74.317,78.155,81.231,81.024,85.489,87.206,86.898,90.173,92.997,94.282,95.570,98.387,100.260,100.00,101.77,106.41
,06 보건,78.470,79.733,81.714,83.300,84.594,87.223,89.524,91.767,93.434,94.037,93.917,94.244,95.684,96.606,97.459,97.742,98.512,100.00,99.86,100.72
,07 교통,76.085,78.948,83.131,86.975,90.105,98.381,94.620,100.091,106.998,111.651,111.030,108.579,99.596,97.386,100.615,103.254,101.467,100.00,106.21,116.49
,08 통신,121.190,119.332,117.263,115.504,112.943,111.322,111.117,110.097,108.300,105.421,105.279,105.224,104.983,105.066,105.351,104.461,102.093,100.00,99.16,100.06
,09 오락 및 문화,94.249,94.060,94.484,92.232,90.697,92.476,95.508,96.665,98.035,97.865,98.783,99.376,99.084,100.796,100.865,101.206,100.940,100.00,100.12,102.58
,10 교육,60.966,64.976,67.802,71.875,76.322,81.717,85.802,88.176,89.219,91.548,92.895,95.200,97.731,99.270,100.283,101.000,102.281,100.00,100.80,103.12
,11 음식 및 숙박,69.018,71.356,73.077,74.088,75.093,78.796,82.651,84.478,87.765,88.807,89.730,90.453,91.853,92.941,95.010,97.940,98.961,100.00,102.62,111.08
,12 기타 상품 및 서비스,58.966,60.437,61.576,64.593,67.102,73.259,79.354,82.457,85.796,83.994,85.022,87.580,90.781,93.653,96.160,96.275,97.959,100.00,102.39,109.94
　　　　　　성남시,0 총지수,69.929,72.346,74.361,76.301,78.296,82.082,84.257,86.320,89.406,91.543,92.672,93.861,94.584,95.388,97.237,98.827,99.403,100.00,102.42,107.32
,01 식료품 및 비주류음료,56.785,60.503,61.659,62.384,63.689,66.340,70.693,76.133,81.330,84.572,85.892,86.240,87.049,88.286,91.734,94.215,95.184,100.00,105.72,111.91
,02 주류 및 담배,52.967,53.176,60.988,60.887,61.253,61.659,62.340,62.594,63.074,64.126,65.209,65.308,96.359,97.108,98.658,98.829,99.666,100.00,100.66,103.38
,03 의류 및 신발,68.251,68.447,69.107,70.967,72.948,74.769,78.420,80.595,83.430,87.553,90.143,93.623,94.657,96.298,97.522,98.534,99.016,100.00,100.65,103.64
,"04 주택, 수도, 전기 및 연료",67.978,70.147,71.363,74.117,76.371,79.499,81.141,82.253,86.461,91.108,94.425,97.421,98.111,98.108,99.801,99.899,100.679,100.00,102.59,107.42
,05 가정용품 및 가사 서비스,73.656,73.016,73.727,73.917,75.846,79.317,83.316,83.536,86.515,88.606,88.716,91.650,94.470,95.711,96.398,98.204,100.249,100.00,101.47,106.60
,06 보건,78.927,80.190,81.760,84.595,85.657,87.606,89.663,91.681,93.812,94.630,94.867,95.617,96.530,97.318,98.024,98.242,98.378,100.00,99.38,99.84
,07 교통,73.847,76.981,81.489,85.407,89.086,97.546,94.132,99.412,105.676,109.859,109.028,106.965,98.777,97.010,100.287,102.482,100.997,100.00,105.57,114.88
,08 통신,121.463,119.531,117.425,115.653,113.100,111.378,111.221,110.170,108.381,105.490,105.323,105.221,104.991,105.074,105.358,104.467,102.097,100.00,99.16,100.06
,09 오락 및 문화,96.092,95.682,95.627,93.308,91.539,93.284,95.874,96.798,98.121,97.990,99.024,99.591,99.353,100.960,101.009,101.682,101.276,100.00,100.62,103.16
,10 교육,66.628,70.758,75.181,78.834,83.268,87.842,89.640,90.605,91.450,93.746,93.754,93.971,95.456,95.901,96.963,99.754,100.853,100.00,101.11,102.37
,11 음식 및 숙박,68.036,70.594,72.614,73.661,74.932,79.313,82.133,80.917,82.927,83.566,85.011,86.535,88.756,91.105,92.952,96.995,98.968,100.00,101.94,109.91
,12 기타 상품 및 서비스,63.186,64.859,64.738,68.622,72.198,78.860,84.304,87.625,90.866,86.901,86.347,88.866,90.614,93.449,96.311,96.474,98.059,100.00,102.36,108.69
　　　　　　의정부시,0 총지수,69.308,72.167,73.715,75.282,77.063,80.884,83.477,86.493,89.852,91.503,93.172,94.204,94.536,95.578,97.395,98.980,99.456,100.00,102.75,108.29
,01 식료품 및 비주류음료,52.643,57.753,58.823,59.063,60.597,63.759,69.381,75.674,82.674,85.076,87.744,87.603,88.798,90.728,93.417,95.479,95.418,100.00,106.97,114.96
,02 주류 및 담배,52.218,52.230,59.928,59.754,59.953,60.397,61.196,61.496,62.029,63.145,64.781,64.872,95.523,96.127,98.103,98.990,99.883,100.00,100.38,102.78
,03 의류 및 신발,69.678,69.953,70.328,71.986,73.990,76.147,80.026,82.085,84.917,89.006,91.709,95.321,96.371,97.986,98.865,100.122,99.970,100.00,100.52,103.72
,"04 주택, 수도, 전기 및 연료",71.123,73.235,73.834,74.966,75.938,80.054,82.650,84.833,87.668,91.395,95.103,97.443,96.538,96.283,97.825,98.809,99.505,100.00,101.42,106.71
,05 가정용품 및 가사 서비스,75.480,75.049,75.001,75.288,76.375,79.294,83.369,83.369,87.044,88.850,88.966,92.116,94.065,95.126,95.786,97.818,99.744,100.00,101.76,106.43
,06 보건,79.526,81.239,83.436,84.840,86.878,88.192,90.354,92.038,93.173,94.004,94.109,94.548,96.120,97.125,97.992,98.183,98.608,100.00,99.87,100.86
,07 교통,75.271,78.572,82.627,86.393,89.278,97.699,93.898,99.377,106.574,110.639,109.569,107.324,98.925,97.049,100.443,102.806,100.988,100.00,106.62,116.38
,08 통신,121.720,119.655,117.414,115.653,113.109,111.388,111.260,110.107,108.362,105.490,105.323,105.220,104.983,105.066,105.351,104.461,102.093,100.00,99.16,100.06
,09 오락 및 문화,93.764,94.397,94.748,92.766,90.958,92.000,94.630,95.853,97.675,97.849,98.840,99.175,98.868,100.672,100.715,101.180,101.097,100.00,100.45,103.50
,10 교육,65.625,69.507,71.374,75.592,79.531,84.159,86.200,88.145,88.931,89.240,92.406,93.496,94.577,97.312,97.793,100.187,100.930,100.00,101.65,104.58
,11 음식 및 숙박,65.090,68.529,70.513,71.829,73.374,76.564,79.549,81.120,84.925,85.856,86.607,87.840,89.040,90.929,94.199,97.549,100.092,100.00,103.22,111.88
,12 기타 상품 및 서비스,59.832,61.402,62.186,65.581,69.800,76.288,80.999,85.916,89.030,85.299,85.268,87.925,90.166,93.418,95.558,95.753,98.244,100.00,102.28,107.97
　　　　　　안양시,0 총지수,70.129,72.343,74.494,76.430,78.392,81.912,84.091,86.494,89.918,91.833,92.807,93.968,94.566,95.359,97.309,98.617,99.301,100.00,102.54,107.62
,01 식료품 및 비주류음료,56.364,60.712,62.800,63.119,64.087,66.704,71.147,76.177,81.484,85.090,85.554,86.039,87.821,89.806,92.654,94.254,95.653,100.00,105.88,112.45
,02 주류 및 담배,52.565,53.000,60.773,60.692,61.021,61.446,62.262,62.363,62.514,63.423,64.728,64.640,95.429,95.696,97.965,98.258,99.288,100.00,100.50,102.46
,03 의류 및 신발,68.384,68.637,69.311,70.957,72.887,74.683,78.143,80.527,83.104,86.994,89.206,92.786,94.193,96.012,97.097,98.137,98.906,100.00,100.52,103.65
,"04 주택, 수도, 전기 및 연료",68.838,70.076,71.485,74.451,76.650,79.491,81.082,82.609,86.429,90.497,93.475,95.990,95.884,94.811,96.844,97.379,98.970,100.00,102.70,108.40
,05 가정용품 및 가사 서비스,73.158,73.517,74.206,73.712,75.857,79.740,82.831,82.887,85.159,86.112,87.588,89.505,92.538,94.420,94.949,97.467,99.371,100.00,101.57,106.22
,06 보건,79.193,80.005,81.879,83.352,84.464,87.521,90.475,91.813,93.397,94.285,94.453,94.985,96.418,97.439,98.268,98.187,98.224,100.00,99.74,100.46
,07 교통,76.053,78.847,82.947,86.507,89.520,98.312,94.670,100.123,106.698,110.309,109.521,107.366,98.799,96.934,100.394,103.037,101.320,100.00,105.48,115.31
,08 통신,121.426,119.443,117.341,115.572,113.049,111.397,111.192,110.171,108.373,105.491,105.324,105.222,104.991,105.074,105.358,104.467,102.097,100.00,99.16,100.06
,09 오락 및 문화,96.111,95.887,96.232,94.147,92.262,93.634,96.264,97.186,99.065,98.845,99.778,100.335,99.790,101.325,101.301,101.454,100.995,100.00,100.35,103.17
,10 교육,66.125,69.755,72.704,76.744,81.784,84.861,86.369,87.897,90.958,92.707,93.446,94.797,96.015,98.034,99.767,102.492,102.793,100.00,100.74,102.93
,11 음식 및 숙박,67.848,70.160,72.524,74.077,75.069,78.519,81.849,82.987,86.651,87.584,88.235,89.988,91.140,92.829,95.122,96.899,98.972,100.00,102.60,109.48
,12 기타 상품 및 서비스,62.303,63.941,65.463,69.837,74.180,80.944,86.114,89.140,91.740,86.822,86.509,88.000,90.245,92.845,95.366,96.559,97.970,100.00,102.79,108.46
　　　　　　부천시,0 총지수,70.559,72.780,74.969,76.762,78.411,82.060,84.252,86.750,89.982,91.831,92.962,93.988,94.572,95.525,97.668,98.881,99.400,100.00,102.34,107.49
,01 식료품 및 비주류음료,54.074,57.864,60.638,60.855,61.790,64.751,69.355,74.303,80.922,83.949,84.853,85.211,86.948,89.145,92.738,94.930,95.593,100.00,105.12,112.22
,02 주류 및 담배,53.384,54.032,61.821,61.646,61.934,62.305,62.846,63.052,63.220,63.928,64.901,64.708,95.834,96.730,98.390,98.495,99.341,100.00,100.87,103.27
,03 의류 및 신발,69.441,69.378,70.222,72.106,73.908,75.933,79.655,81.961,84.761,88.954,91.376,94.979,96.226,97.848,98.873,99.924,99.922,100.00,100.53,103.57
,"04 주택, 수도, 전기 및 연료",70.554,72.137,73.114,75.186,76.917,79.549,81.280,82.987,86.231,90.262,93.546,95.452,95.349,94.928,97.834,98.129,99.277,100.00,101.67,105.93
,05 가정용품 및 가사 서비스,76.178,76.080,76.429,76.569,78.269,81.078,84.663,85.338,87.855,88.994,89.125,91.263,92.814,94.802,95.995,97.694,100.231,100.00,101.91,106.32
,06 보건,79.890,81.385,83.177,85.034,86.267,87.730,89.531,91.458,92.776,93.417,93.753,94.475,95.486,96.349,97.301,97.418,97.980,100.00,99.69,100.21
,07 교통,76.171,79.248,83.564,87.115,89.705,97.414,94.141,99.546,106.832,111.242,110.432,108.351,99.678,97.821,101.292,103.644,101.325,100.00,106.86,117.63
,08 통신,121.497,119.579,117.346,115.664,113.082,111.411,111.196,110.175,108.377,105.499,105.320,105.214,104.983,105.066,105.351,104.461,102.093,100.00,99.16,100.06
,09 오락 및 문화,97.136,97.096,96.999,94.607,92.570,94.074,96.846,97.427,98.288,98.467,99.475,100.174,99.707,101.472,101.446,101.707,101.246,100.00,100.15,103.16
,10 교육,66.044,69.503,72.680,77.375,81.021,86.128,87.818,90.010,92.740,94.215,94.897,95.527,96.536,97.412,98.281,99.379,100.993,100.00,100.25,100.49
,11 음식 및 숙박,69.991,72.722,74.838,75.836,76.827,80.363,82.988,84.004,85.516,85.523,86.906,88.922,90.783,93.272,95.618,98.234,99.792,100.00,102.65,111.80
,12 기타 상품 및 서비스,62.550,63.309,63.888,68.072,72.443,80.392,85.535,88.011,90.644,87.204,86.584,88.252,90.893,93.696,95.977,96.411,98.053,100.00,102.33,108.66
　　　　　　고양시,0 총지수,70.238,72.713,74.701,76.332,78.200,82.060,84.475,86.892,90.165,91.765,92.751,93.812,94.586,95.577,97.798,99.169,99.274,100.00,102.58,107.60
,01 식료품 및 비주류음료,56.262,60.394,62.679,63.572,64.549,67.563,73.643,77.930,84.496,86.691,87.113,87.857,88.837,91.320,95.304,97.333,95.070,100.00,106.36,111.99
,02 주류 및 담배,52.340,53.322,61.177,60.841,60.984,61.407,62.217,62.589,62.855,63.899,65.229,65.262,96.379,97.039,98.911,99.258,99.859,100.00,100.29,102.56
,03 의류 및 신발,69.753,69.480,70.330,72.305,74.286,76.191,79.919,81.789,84.591,88.817,91.308,94.949,96.082,97.962,99.093,99.837,99.191,100.00,100.43,103.63
,"04 주택, 수도, 전기 및 연료",68.340,70.134,70.816,72.421,74.245,77.980,79.780,81.538,84.501,87.505,89.901,92.623,93.777,93.794,96.473,97.660,98.988,100.00,101.53,107.44
,05 가정용품 및 가사 서비스,74.829,75.133,75.379,75.568,77.238,80.887,84.832,84.674,88.273,90.059,90.148,91.357,93.833,95.155,96.312,98.173,99.800,100.00,102.24,106.90
,06 보건,79.358,80.953,83.153,84.802,86.375,88.413,90.554,92.625,93.991,94.818,94.981,95.215,96.461,96.871,97.808,97.966,98.543,100.00,100.34,101.35
,07 교통,77.030,79.925,84.423,87.989,91.056,99.046,94.840,100.038,107.015,111.518,110.530,108.368,99.582,97.325,100.521,103.494,101.319,100.00,106.61,116.56
,08 통신,121.501,119.540,117.323,115.573,113.011,111.359,111.183,110.163,108.374,105.483,105.316,105.213,104.983,105.066,105.351,104.461,102.093,100.00,99.16,100.06
,09 오락 및 문화,96.872,96.684,96.758,94.379,92.686,93.952,96.540,97.661,99.020,98.563,99.505,100.105,99.612,101.199,101.248,101.325,100.987,100.00,100.52,103.29
,10 교육,64.110,67.678,70.314,74.111,78.465,84.453,86.563,89.005,90.421,91.238,93.262,94.217,95.711,97.615,99.604,101.344,101.792,100.00,101.12,102.59
,11 음식 및 숙박,68.951,72.468,74.200,75.133,76.623,79.041,81.538,82.874,86.030,87.300,88.447,89.201,91.162,92.691,94.835,97.009,99.423,100.00,102.41,109.52
,12 기타 상품 및 서비스,62.952,64.814,66.028,69.071,72.906,80.317,85.604,88.342,91.582,87.312,86.334,88.251,90.298,94.104,96.381,96.338,97.927,100.00,102.13,108.43
　　　　　　안산시,0 총지수,-,-,73.968,76.026,77.999,81.728,84.045,86.343,89.862,91.804,92.875,94.190,94.962,96.003,97.726,99.081,99.673,100.00,102.54,107.61
,01 식료품 및 비주류음료,-,-,60.854,62.522,63.557,66.523,71.132,75.212,83.041,85.172,86.552,86.823,88.591,90.761,93.359,96.393,97.708,100.00,106.36,112.77
,02 주류 및 담배,-,-,60.577,60.400,60.875,61.284,61.930,62.188,62.789,63.772,64.985,65.160,96.162,97.111,98.428,98.526,99.616,100.00,100.79,102.52
,03 의류 및 신발,-,-,70.261,71.871,73.798,76.011,79.899,81.895,84.489,88.680,91.215,94.812,95.909,97.904,99.121,100.125,99.278,100.00,100.51,103.70
,"04 주택, 수도, 전기 및 연료",-,-,72.477,74.421,76.384,79.983,81.868,83.047,86.561,90.949,94.335,96.796,97.395,97.241,98.847,98.779,99.760,100.00,101.99,107.23
,05 가정용품 및 가사 서비스,-,-,71.613,72.430,75.062,78.630,81.931,81.954,86.222,87.902,88.110,90.874,93.433,95.074,96.376,97.856,99.666,100.00,101.63,106.00
,06 보건,-,-,84.504,85.737,86.970,88.124,90.039,91.357,92.940,93.603,93.887,94.866,96.023,96.999,97.850,97.891,98.553,100.00,100.09,100.72
,07 교통,-,-,82.779,87.035,90.229,98.906,94.747,99.650,106.476,110.555,109.648,107.849,99.156,97.166,100.450,102.701,100.964,100.00,106.05,116.11
,08 통신,-,-,117.341,115.582,113.020,111.407,111.192,110.172,108.373,105.491,105.323,105.221,104.983,105.066,105.351,104.461,102.093,100.00,99.16,100.06
,09 오락 및 문화,-,-,95.513,93.013,91.398,93.077,95.879,96.779,97.755,97.916,98.972,99.323,98.803,100.716,100.668,101.176,100.900,100.00,100.29,102.98
,10 교육,-,-,71.067,74.786,79.950,84.551,86.908,88.731,89.907,91.572,92.684,95.061,96.999,99.290,99.597,100.637,101.885,100.00,100.47,101.90
,11 음식 및 숙박,-,-,72.190,73.411,74.873,77.832,80.949,83.016,86.379,87.605,87.308,88.788,90.385,91.986,94.815,97.706,99.224,100.00,102.55,110.38
,12 기타 상품 및 서비스,-,-,62.761,68.196,71.276,77.768,83.218,86.615,88.831,85.346,85.003,87.055,88.848,91.908,93.494,95.044,97.606,100.00,102.74,109.17
　　　　　　용인시,0 총지수,-,-,-,-,-,-,-,-,-,-,-,-,94.858,95.861,97.659,99.297,99.455,100.00,102.86,108.00
,01 식료품 및 비주류음료,-,-,-,-,-,-,-,-,-,-,-,-,88.021,89.781,92.485,95.571,95.094,100.00,107.44,114.00
,02 주류 및 담배,-,-,-,-,-,-,-,-,-,-,-,-,96.402,96.992,98.395,99.060,99.901,100.00,100.00,101.13
,03 의류 및 신발,-,-,-,-,-,-,-,-,-,-,-,-,94.455,96.124,97.426,98.394,98.994,100.00,100.39,103.49
,"04 주택, 수도, 전기 및 연료",-,-,-,-,-,-,-,-,-,-,-,-,96.789,96.585,98.272,98.909,99.632,100.00,102.12,107.42
,05 가정용품 및 가사 서비스,-,-,-,-,-,-,-,-,-,-,-,-,93.544,95.334,95.913,98.225,100.187,100.00,101.53,106.25
,06 보건,-,-,-,-,-,-,-,-,-,-,-,-,95.276,96.866,98.256,98.373,98.596,100.00,100.13,100.90
,07 교통,-,-,-,-,-,-,-,-,-,-,-,-,99.482,97.788,101.031,103.411,101.626,100.00,106.21,116.93
,08 통신,-,-,-,-,-,-,-,-,-,-,-,-,104.991,105.074,105.358,104.467,102.097,100.00,99.16,100.06
,09 오락 및 문화,-,-,-,-,-,-,-,-,-,-,-,-,99.390,101.081,100.973,101.614,101.218,100.00,100.47,103.51
,10 교육,-,-,-,-,-,-,-,-,-,-,-,-,99.156,100.180,101.290,102.819,102.442,100.00,100.95,102.20
,11 음식 및 숙박,-,-,-,-,-,-,-,-,-,-,-,-,89.651,91.936,94.257,97.703,99.375,100.00,103.46,111.02
,12 기타 상품 및 서비스,-,-,-,-,-,-,-,-,-,-,-,-,89.777,93.148,95.199,96.082,97.532,100.00,102.15,108.27
　　　　　　화성시,0 총지수,-,-,-,-,-,-,-,-,-,-,-,-,-,-,-,-,-,100.00,102.50,107.74
,01 식료품 및 비주류음료,-,-,-,-,-,-,-,-,-,-,-,-,-,-,-,-,-,100.00,106.49,112.36
,02 주류 및 담배,-,-,-,-,-,-,-,-,-,-,-,-,-,-,-,-,-,100.00,100.81,103.33
,03 의류 및 신발,-,-,-,-,-,-,-,-,-,-,-,-,-,-,-,-,-,100.00,100.69,103.60
,"04 주택, 수도, 전기 및 연료",-,-,-,-,-,-,-,-,-,-,-,-,-,-,-,-,-,100.00,101.24,106.57
,05 가정용품 및 가사 서비스,-,-,-,-,-,-,-,-,-,-,-,-,-,-,-,-,-,100.00,101.36,106.33
,06 보건,-,-,-,-,-,-,-,-,-,-,-,-,-,-,-,-,-,100.00,99.79,100.74
,07 교통,-,-,-,-,-,-,-,-,-,-,-,-,-,-,-,-,-,100.00,106.50,117.05
,08 통신,-,-,-,-,-,-,-,-,-,-,-,-,-,-,-,-,-,100.00,99.16,100.06
,09 오락 및 문화,-,-,-,-,-,-,-,-,-,-,-,-,-,-,-,-,-,100.00,100.58,103.29
,10 교육,-,-,-,-,-,-,-,-,-,-,-,-,-,-,-,-,-,100.00,100.38,102.33
,11 음식 및 숙박,-,-,-,-,-,-,-,-,-,-,-,-,-,-,-,-,-,100.00,103.53,111.95
,12 기타 상품 및 서비스,-,-,-,-,-,-,-,-,-,-,-,-,-,-,-,-,-,100.00,101.22,107.68
　　　강원도,0 총지수,70.049,72.745,75.324,77.038,78.833,83.026,84.602,87.156,90.933,92.692,93.697,94.334,94.369,95.110,97.013,98.557,99.384,100.00,102.80,108.98
,01 식료품 및 비주류음료,55.524,59.451,61.394,61.717,63.467,66.736,71.043,75.273,81.779,85.572,86.585,86.390,87.787,89.687,92.645,94.782,95.561,100.00,106.43,113.45
,02 주류 및 담배,52.406,53.113,60.022,59.992,60.323,60.758,61.278,61.708,62.248,63.221,64.380,64.436,96.977,97.623,98.702,98.894,99.737,100.00,100.19,102.15
,03 의류 및 신발,68.223,68.347,68.968,70.847,72.790,74.727,78.545,80.878,83.406,87.349,90.137,93.633,94.740,96.567,97.608,98.942,99.877,100.00,100.52,103.67
,"04 주택, 수도, 전기 및 연료",71.728,74.792,78.275,80.988,82.025,87.444,84.725,87.444,91.853,94.980,97.641,99.100,96.342,94.848,96.276,97.959,99.826,100.00,102.33,111.27
,05 가정용품 및 가사 서비스,71.426,72.202,72.712,72.590,73.644,76.407,80.570,80.971,82.981,88.725,89.510,91.058,92.698,94.281,95.986,98.242,99.639,100.00,102.08,107.50
,06 보건,80.147,81.751,83.487,85.338,86.556,88.421,90.334,92.304,93.958,94.798,95.273,95.793,96.793,97.604,98.564,98.342,98.679,100.00,99.89,100.79
,07 교통,79.412,81.569,86.197,90.041,92.742,101.628,97.260,102.511,109.687,112.257,111.645,109.601,99.757,97.109,100.349,102.577,101.702,100.00,107.90,121.15
,08 통신,120.740,118.904,116.735,115.197,112.815,111.170,110.985,109.970,108.239,105.519,105.380,105.253,104.951,105.046,105.422,104.519,102.122,100.00,98.96,99.92
,09 오락 및 문화,93.880,94.729,94.948,93.089,91.744,92.757,94.307,94.933,96.863,97.361,98.528,98.602,97.795,99.818,99.921,100.631,100.733,100.00,100.41,103.21
,10 교육,69.138,73.809,77.557,80.969,85.434,90.139,92.523,94.487,95.353,95.519,96.380,97.233,98.673,99.979,101.004,102.154,102.852,100.00,99.72,101.20
,11 음식 및 숙박,64.812,67.630,69.569,70.700,72.260,76.382,78.817,80.334,85.168,85.437,85.635,86.786,88.397,90.724,93.423,96.103,98.743,100.00,102.31,110.25
,12 기타 상품 및 서비스,58.583,60.389,61.740,65.599,69.076,76.072,81.329,84.037,86.671,83.949,85.349,87.453,89.449,92.993,95.141,95.932,97.527,100.00,102.82,109.28
　　　　　　춘천시,0 총지수,70.630,73.130,75.453,77.163,78.930,82.854,84.683,87.564,91.556,93.364,94.229,94.961,94.905,95.599,97.275,98.637,99.488,100.00,102.76,108.86
,01 식료품 및 비주류음료,57.735,61.712,62.819,62.818,65.557,68.881,73.362,77.960,84.262,87.781,88.611,88.635,89.517,91.732,94.763,95.737,96.108,100.00,106.15,113.05
,02 주류 및 담배,53.090,53.439,60.527,60.356,60.744,61.183,61.627,62.080,62.722,63.803,64.891,64.764,97.295,97.980,98.887,98.832,99.592,100.00,99.98,102.24
,03 의류 및 신발,67.831,68.258,68.879,70.624,72.455,74.539,78.460,80.860,83.569,87.761,90.185,93.638,94.882,96.640,97.830,98.965,99.742,100.00,100.48,103.53
,"04 주택, 수도, 전기 및 연료",72.524,74.629,76.915,79.838,79.889,84.235,82.306,85.017,89.856,93.413,96.191,97.959,94.638,92.726,94.051,96.512,99.155,100.00,102.11,110.27
,05 가정용품 및 가사 서비스,73.718,74.447,75.114,74.701,75.258,77.856,82.219,83.039,85.544,88.908,89.381,91.241,93.477,94.970,97.042,98.764,100.489,100.00,102.30,107.90
,06 보건,78.488,80.467,82.184,84.451,85.958,87.356,89.801,92.143,94.393,95.553,96.011,96.259,97.358,98.046,99.096,98.536,98.752,100.00,99.62,100.57
,07 교통,78.734,81.035,85.466,89.340,92.196,101.092,96.640,101.859,108.956,111.707,111.229,109.140,99.175,96.670,99.879,102.021,101.423,100.00,108.16,121.48
,08 통신,120.820,118.959,116.825,115.286,112.911,111.246,111.071,110.055,108.323,105.600,105.393,105.256,104.951,105.046,105.422,104.519,102.122,100.00,98.96,99.92
,09 오락 및 문화,93.772,94.630,94.944,92.997,91.874,92.238,93.306,94.247,95.920,96.414,97.734,98.164,97.376,99.278,99.476,100.358,100.865,100.00,100.54,103.20
,10 교육,68.261,71.363,76.316,79.770,83.490,88.749,91.770,94.385,95.903,96.368,96.757,97.724,99.958,101.252,102.174,102.805,103.335,100.00,99.84,100.49
,11 음식 및 숙박,65.247,69.008,70.701,71.856,73.429,77.122,79.484,81.752,87.380,88.047,88.203,89.605,91.203,93.563,94.578,96.981,99.097,100.00,102.21,110.80
,12 기타 상품 및 서비스,59.083,61.400,62.855,66.610,70.250,76.603,82.694,85.718,87.997,85.471,85.609,87.348,89.670,93.041,94.950,96.139,97.784,100.00,103.31,109.89
　　　　　　원주시,0 총지수,70.519,73.364,75.955,77.709,79.443,83.450,84.969,87.413,91.113,92.859,93.970,94.635,94.593,95.308,97.079,98.620,99.349,100.00,102.86,108.85
,01 식료품 및 비주류음료,56.302,60.215,62.170,61.916,62.998,65.957,69.811,74.509,81.557,85.052,86.367,86.224,87.764,89.196,91.530,94.095,95.199,100.00,107.01,113.39
,02 주류 및 담배,52.478,53.333,59.996,60.050,60.160,60.655,61.280,61.735,61.982,62.922,64.428,64.732,97.132,97.627,98.790,99.069,99.851,100.00,100.33,102.32
,03 의류 및 신발,68.490,68.495,69.125,70.883,73.010,74.894,78.587,80.845,83.345,87.126,90.188,93.737,94.494,96.519,97.569,98.915,99.781,100.00,100.59,103.66
,"04 주택, 수도, 전기 및 연료",73.359,76.373,80.012,82.532,83.778,88.212,86.265,88.292,92.287,95.283,98.223,99.862,97.466,96.295,97.632,98.824,100.193,100.00,102.15,111.14
,05 가정용품 및 가사 서비스,68.353,69.115,69.733,69.651,71.069,74.080,78.008,78.270,80.083,88.165,89.352,91.117,92.408,93.997,95.327,98.205,99.380,100.00,101.93,107.73
,06 보건,81.823,83.294,85.050,86.567,87.680,89.289,90.799,92.714,94.158,94.739,94.983,95.839,96.744,97.569,98.354,98.319,98.698,100.00,100.08,100.93
,07 교통,79.947,82.071,86.799,90.798,93.561,102.277,97.691,102.898,110.212,112.845,112.205,110.343,100.509,97.406,100.709,102.916,101.883,100.00,107.77,121.03
,08 통신,120.555,118.685,116.587,115.053,112.711,111.059,110.913,109.851,108.158,105.404,105.366,105.264,104.951,105.046,105.422,104.519,102.122,100.00,98.96,99.92
,09 오락 및 문화,94.185,94.612,94.572,93.287,91.892,93.335,95.565,96.101,97.839,98.173,99.564,99.322,98.412,100.419,100.212,100.724,100.650,100.00,100.27,103.09
,10 교육,68.942,76.351,79.854,84.592,89.496,94.114,95.778,97.292,97.908,97.140,97.957,98.132,98.889,100.168,100.710,101.811,102.190,100.00,99.99,101.23
,11 음식 및 숙박,65.443,67.973,70.109,71.202,72.925,77.489,79.967,81.287,85.358,85.840,86.049,86.908,88.073,90.486,93.619,96.284,99.022,100.00,102.26,109.35
,12 기타 상품 및 서비스,59.749,60.296,61.698,65.940,69.015,75.601,80.799,83.497,86.830,84.194,85.097,87.709,89.741,93.772,95.711,95.967,97.072,100.00,102.60,109.27
　　　　　　강릉시,0 총지수,68.807,71.535,74.327,76.018,77.870,82.558,83.940,86.268,89.834,91.596,92.642,93.112,93.355,94.195,96.583,98.368,99.309,100.00,102.75,109.32
,01 식료품 및 비주류음료,52.229,56.105,58.846,60.180,61.617,65.167,69.865,73.095,79.065,83.666,84.461,83.920,85.745,87.947,91.736,94.659,95.434,100.00,105.86,114.05
,02 주류 및 담배,51.615,52.561,59.516,59.526,60.051,60.468,60.895,61.327,62.109,62.992,63.771,63.705,96.333,97.163,98.326,98.704,99.734,100.00,100.22,101.79
,03 의류 및 신발,68.324,68.313,68.888,71.007,72.849,74.704,78.561,80.928,83.247,87.156,90.014,93.485,94.919,96.538,97.380,98.935,100.187,100.00,100.44,103.84
,"04 주택, 수도, 전기 및 연료",69.185,73.348,77.787,80.516,82.467,90.305,85.812,89.340,93.747,96.480,98.593,99.362,96.862,95.440,97.126,98.558,100.165,100.00,102.87,112.66
,05 가정용품 및 가사 서비스,73.020,73.841,74.057,74.304,75.421,77.982,82.302,82.351,84.025,89.345,89.965,90.772,92.175,93.855,95.666,97.636,98.971,100.00,102.06,106.64
,06 보건,79.980,81.341,83.112,84.864,85.876,88.564,90.364,91.916,93.095,93.930,94.745,95.151,96.156,97.105,98.212,98.126,98.555,100.00,99.93,100.84
,07 교통,79.590,81.629,86.414,89.993,92.441,101.564,97.531,102.821,109.925,112.220,111.471,109.211,99.429,97.274,100.457,102.832,101.803,100.00,107.78,120.92
,08 통신,120.745,118.852,116.818,115.270,112.885,111.231,111.056,110.040,108.307,105.585,105.385,105.254,104.951,105.046,105.422,104.519,102.122,100.00,98.96,99.92
,09 오락 및 문화,93.543,94.838,95.214,92.754,91.238,92.428,93.730,94.079,96.659,97.388,98.053,98.100,97.410,99.611,100.039,100.834,100.695,100.00,100.47,103.42
,10 교육,69.914,73.275,75.931,77.759,82.562,86.713,89.168,90.839,91.210,92.287,93.771,95.386,96.763,98.120,99.976,101.859,103.257,100.00,99.15,101.99
,11 음식 및 숙박,63.254,65.454,67.363,68.508,69.850,73.903,76.384,77.315,82.142,81.697,81.976,83.232,85.469,87.623,91.712,94.757,97.894,100.00,102.51,110.97
,12 기타 상품 및 서비스,56.654,59.273,60.457,63.969,67.793,75.955,80.374,82.727,84.768,81.740,85.324,87.179,88.719,91.754,94.514,95.604,97.897,100.00,102.56,108.56
　　　충청북도,0 총지수,70.353,72.684,74.962,76.661,78.748,82.789,84.806,87.300,91.148,92.938,94.104,95.220,95.073,95.613,97.524,99.122,99.487,100.00,102.69,108.52
,01 식료품 및 비주류음료,55.298,59.472,60.722,60.925,63.192,66.405,71.430,75.606,82.812,85.477,86.084,86.817,87.893,90.092,92.756,95.651,96.058,100.00,105.91,112.28
,02 주류 및 담배,52.129,52.484,60.294,60.143,60.459,60.851,61.735,62.102,62.713,63.644,64.638,64.781,96.663,97.218,98.638,98.934,99.740,100.00,100.23,101.98
,03 의류 및 신발,68.016,68.165,68.702,70.541,72.390,74.246,78.014,80.316,82.799,86.706,89.651,93.290,94.647,96.353,97.338,98.488,99.112,100.00,100.53,103.69
,"04 주택, 수도, 전기 및 연료",73.440,75.839,78.516,81.257,82.363,86.288,85.647,87.769,91.659,94.901,98.214,100.441,97.266,95.370,96.772,97.875,99.506,100.00,102.14,109.79
,05 가정용품 및 가사 서비스,70.786,70.616,72.288,72.456,74.317,77.293,80.925,81.329,85.259,88.056,89.655,91.532,93.866,94.971,96.697,98.436,100.452,100.00,102.20,108.25
,06 보건,80.827,82.047,83.633,85.083,86.400,88.721,90.568,91.829,93.842,94.606,95.013,95.620,96.785,97.688,98.648,98.435,98.708,100.00,100.22,101.29
,07 교통,78.049,80.280,84.720,88.701,90.946,100.152,96.615,102.001,110.442,112.948,112.181,110.960,100.726,96.959,100.914,103.803,101.819,100.00,106.07,116.86
,08 통신,120.484,118.639,116.481,115.015,112.775,111.143,110.968,109.956,108.215,105.505,105.395,105.380,105.244,105.318,105.549,104.604,102.176,100.00,99.38,100.22
,09 오락 및 문화,94.040,94.016,94.504,92.559,90.921,92.339,94.725,95.701,96.858,97.289,98.557,98.730,98.259,100.246,100.430,100.916,100.827,100.00,100.31,102.81
,10 교육,68.856,71.807,75.234,78.406,84.097,89.407,91.086,92.743,94.837,96.120,96.391,97.332,98.219,99.249,100.209,101.324,102.002,100.00,100.99,102.72
,11 음식 및 숙박,63.339,66.002,68.036,69.827,71.987,75.905,78.802,81.042,83.892,85.945,87.927,89.266,90.915,92.700,95.554,98.352,98.900,100.00,102.50,109.97
,12 기타 상품 및 서비스,60.944,62.725,63.497,66.281,69.778,76.345,81.615,83.755,86.659,84.333,84.449,87.207,89.003,92.355,94.386,95.791,98.064,100.00,102.03,108.15
　　　　　　청주시,0 총지수,70.392,72.725,75.017,76.667,78.805,82.737,84.787,87.358,91.143,92.896,94.106,95.281,95.161,95.658,97.536,99.154,99.498,100.00,102.76,108.60
,01 식료품 및 비주류음료,55.222,59.420,60.372,60.805,63.226,66.331,71.106,75.619,83.062,85.451,86.184,86.972,88.030,90.142,92.756,95.754,96.103,100.00,105.76,112.25
,02 주류 및 담배,52.578,52.685,60.341,60.135,60.527,60.960,61.688,62.071,62.718,63.622,64.554,64.720,96.600,97.109,98.595,98.880,99.648,100.00,100.32,101.83
,03 의류 및 신발,68.154,68.319,68.853,70.667,72.531,74.367,78.091,80.340,82.777,86.640,89.683,93.353,94.737,96.413,97.383,98.547,99.185,100.00,100.52,103.71
,"04 주택, 수도, 전기 및 연료",74.091,76.465,78.963,81.562,82.556,86.432,86.051,88.171,91.844,95.003,98.261,100.470,97.384,95.412,96.764,97.965,99.573,100.00,102.29,109.90
,05 가정용품 및 가사 서비스,70.294,70.385,72.745,72.848,74.734,77.710,81.294,81.543,85.436,87.881,89.687,91.399,93.470,94.623,96.576,98.230,100.452,100.00,102.41,108.63
,06 보건,80.600,82.032,83.696,85.147,86.542,88.592,90.364,91.912,93.697,94.457,94.812,95.380,96.755,97.617,98.604,98.339,98.661,100.00,100.30,101.46
,07 교통,77.719,79.968,84.781,88.702,90.786,99.808,96.509,101.968,110.398,112.776,112.049,110.960,100.764,96.897,100.874,103.770,101.799,100.00,106.06,116.72
,08 통신,120.441,118.605,116.481,115.015,112.775,111.143,110.978,109.883,108.215,105.505,105.395,105.380,105.244,105.318,105.549,104.604,102.176,100.00,99.38,100.22
,09 오락 및 문화,94.169,93.750,94.153,92.199,90.528,91.980,94.483,95.424,96.593,97.134,98.505,98.682,98.201,100.238,100.407,100.905,100.856,100.00,100.28,102.72
,10 교육,68.233,71.255,74.787,77.885,83.937,88.599,90.263,92.119,94.591,96.102,96.217,97.449,98.262,99.234,100.206,101.283,102.052,100.00,101.34,103.20
,11 음식 및 숙박,63.188,65.931,68.217,69.854,72.106,76.114,79.201,81.393,83.842,86.088,88.282,89.709,91.397,93.206,95.944,98.578,98.822,100.00,102.70,110.12
,12 기타 상품 및 서비스,61.682,63.388,64.039,66.622,70.091,76.544,81.769,83.931,86.476,84.073,84.114,86.986,88.952,92.237,94.016,95.771,98.123,100.00,102.11,108.26
　　　　　　충주시,0 총지수,70.238,72.507,74.742,76.586,78.498,82.939,84.845,87.024,91.085,93.030,94.044,94.957,94.723,95.430,97.464,98.986,99.436,100.00,102.45,108.22
,01 식료품 및 비주류음료,55.516,59.630,61.677,61.163,62.982,66.502,72.305,75.453,81.833,85.530,85.679,86.231,87.373,89.905,92.758,95.230,95.875,100.00,106.49,112.40
,02 주류 및 담배,51.041,52.016,60.166,60.141,60.232,60.532,61.901,62.226,62.781,63.726,64.939,65.007,96.902,97.646,98.796,99.134,100.086,100.00,99.88,102.54
,03 의류 및 신발,67.588,67.695,68.307,70.186,71.968,73.829,77.791,80.199,82.819,86.902,89.500,93.013,94.282,96.105,97.150,98.239,98.809,100.00,100.55,103.58
,"04 주택, 수도, 전기 및 연료",71.295,73.768,76.787,80.018,81.394,85.496,84.050,86.162,90.900,94.454,97.974,100.270,96.780,95.202,96.788,97.522,99.214,100.00,101.62,109.32
,05 가정용품 및 가사 서비스,72.022,71.177,70.907,71.309,73.147,76.095,79.818,80.752,84.864,88.860,89.733,92.194,95.469,96.379,97.188,99.260,100.450,100.00,101.43,106.84
,06 보건,81.385,82.067,83.485,84.938,85.905,89.162,91.200,91.590,94.467,95.146,95.731,96.480,96.882,97.953,98.812,98.801,98.871,100.00,99.92,100.67
,07 교통,78.867,80.970,84.528,88.775,91.543,101.199,97.002,102.058,110.572,113.548,112.636,110.935,100.578,97.205,101.084,103.940,101.905,100.00,106.13,117.37
,08 통신,120.587,118.619,116.476,115.098,112.798,111.177,110.886,109.951,108.220,105.501,105.392,105.375,105.244,105.318,105.549,104.604,102.176,100.00,99.38,100.22
,09 오락 및 문화,94.160,95.185,95.852,93.959,92.409,93.831,95.844,96.914,97.948,97.867,98.765,98.929,98.492,100.268,100.512,100.951,100.708,100.00,100.41,103.14
,10 교육,70.984,73.756,76.817,80.260,84.895,92.179,93.913,94.938,95.722,96.185,97.003,96.911,98.064,99.313,100.236,101.527,101.821,100.00,99.66,100.91
,11 음식 및 숙박,63.324,65.774,67.113,69.349,71.229,74.886,77.241,79.504,83.804,85.244,86.474,87.508,89.023,90.714,94.012,97.460,99.225,100.00,101.75,109.41
,12 기타 상품 및 서비스,58.827,60.739,61.845,65.159,68.777,75.611,81.043,83.237,87.351,85.313,85.686,88.047,89.249,92.873,95.895,95.863,97.822,100.00,101.74,107.76
　　　충청남도,0 총지수,70.279,73.019,75.363,77.291,79.220,83.120,85.387,87.954,91.561,93.753,94.867,95.309,95.515,96.171,98.036,99.437,99.343,100.00,102.77,108.74
,01 식료품 및 비주류음료,55.574,60.106,61.506,61.849,63.121,66.088,70.895,75.660,81.966,85.239,85.244,85.290,87.572,89.391,92.343,94.806,95.195,100.00,105.79,112.66
,02 주류 및 담배,52.012,52.407,60.260,60.205,60.491,60.797,62.078,62.063,62.487,63.961,65.351,65.332,96.266,96.970,98.377,98.915,99.617,100.00,100.33,102.71
,03 의류 및 신발,68.720,69.002,69.690,71.544,73.321,75.075,78.798,81.203,83.930,87.990,90.684,93.900,95.409,97.266,98.473,99.517,99.548,100.00,100.54,103.65
,"04 주택, 수도, 전기 및 연료",68.484,71.926,75.051,77.985,79.442,83.420,83.245,85.147,89.432,93.443,97.051,99.592,97.425,95.876,97.375,98.199,99.536,100.00,102.23,110.66
,05 가정용품 및 가사 서비스,74.802,75.544,75.615,75.098,76.882,79.735,83.263,84.008,87.795,89.817,90.192,90.969,94.014,95.097,96.084,97.455,99.676,100.00,101.67,106.77
,06 보건,80.214,81.815,83.549,84.823,86.000,87.197,89.954,92.342,94.189,94.840,94.988,95.329,96.723,97.581,98.489,98.128,98.693,100.00,99.59,100.39
,07 교통,78.409,80.315,84.691,89.158,92.601,100.978,97.195,103.074,110.556,113.133,112.855,111.394,101.486,98.270,101.650,104.142,101.784,100.00,107.32,119.02
,08 통신,120.642,118.718,116.611,115.163,112.890,111.286,111.160,110.097,108.337,105.531,105.354,105.267,105.018,105.103,105.392,104.493,102.102,100.00,99.15,100.05
,09 오락 및 문화,96.951,97.149,97.389,94.953,93.297,94.515,96.901,97.697,99.146,99.464,100.206,99.894,99.055,100.724,100.675,101.204,100.654,100.00,100.50,103.44
,10 교육,70.485,73.987,77.153,80.432,85.345,90.469,93.955,95.395,95.347,98.009,98.958,99.541,100.583,102.948,103.972,104.904,101.303,100.00,99.68,100.06
,11 음식 및 숙박,66.726,69.592,71.428,73.017,74.511,78.826,81.749,83.451,86.490,89.105,91.383,89.478,90.895,92.826,95.100,97.647,99.144,100.00,102.50,109.87
,12 기타 상품 및 서비스,58.811,60.395,61.928,66.966,70.837,77.496,82.528,84.898,88.265,86.163,85.760,88.130,89.998,93.145,95.978,97.140,98.125,100.00,102.16,107.52
　　　　　　천안시,0 총지수,70.296,73.069,75.215,77.170,79.062,83.035,85.379,87.876,91.361,93.667,94.758,95.234,95.580,96.214,98.112,99.402,99.470,100.00,102.68,108.62
,01 식료품 및 비주류음료,56.495,61.110,62.209,62.505,63.635,66.393,71.192,76.002,82.165,85.483,85.184,85.138,87.766,89.568,92.593,94.592,95.125,100.00,105.45,112.35
,02 주류 및 담배,51.920,52.237,60.224,60.158,60.545,60.876,61.860,61.804,62.237,63.875,65.260,65.180,96.095,96.975,98.219,98.770,99.671,100.00,100.34,102.75
,03 의류 및 신발,69.048,69.348,70.055,71.818,73.640,75.380,78.993,81.387,84.114,88.163,90.873,94.088,95.649,97.460,98.667,99.762,99.755,100.00,100.55,103.64
,"04 주택, 수도, 전기 및 연료",68.886,72.048,74.327,77.485,79.114,83.357,83.115,84.837,88.987,93.257,97.076,100.045,98.036,96.292,97.662,98.504,100.016,100.00,102.07,110.38
,05 가정용품 및 가사 서비스,74.995,75.998,75.232,74.330,75.997,78.825,82.561,83.552,87.841,89.880,90.102,90.673,94.120,95.081,96.236,97.358,99.519,100.00,101.72,106.64
,06 보건,79.497,81.432,83.289,84.358,85.518,86.663,89.605,92.049,94.151,94.867,95.099,95.249,96.752,97.700,98.700,98.173,98.812,100.00,99.52,100.49
,07 교통,77.740,79.527,84.233,89.061,92.647,101.105,97.448,103.321,110.795,113.371,113.124,111.616,101.608,98.483,101.986,104.401,102.091,100.00,107.39,118.86
,08 통신,120.488,118.590,116.496,115.080,112.817,111.235,111.118,110.106,108.345,105.538,105.357,105.264,105.018,105.103,105.392,104.493,102.102,100.00,99.15,100.05
,09 오락 및 문화,98.083,98.150,98.487,95.844,94.071,95.147,97.691,98.413,99.619,99.881,100.605,100.098,99.198,100.840,100.662,101.259,100.658,100.00,100.49,103.64
,10 교육,69.678,73.474,76.500,79.712,84.181,90.192,93.883,94.962,94.605,97.509,98.456,99.238,100.374,102.810,104.023,104.969,101.533,100.00,99.38,99.95
,11 음식 및 숙박,66.144,69.197,70.929,72.182,73.666,77.939,81.036,82.703,85.509,88.367,90.773,88.851,90.509,92.394,94.671,97.037,99.111,100.00,102.53,109.72
,12 기타 상품 및 서비스,58.275,59.894,61.714,67.402,71.358,77.483,82.570,84.781,88.008,86.094,85.204,87.850,89.751,92.826,95.642,96.984,98.164,100.00,102.26,107.63
　　　　　　아산시,0 총지수,-,-,-,-,-,-,-,-,-,-,-,-,95.331,96.045,97.772,99.368,98.983,100.00,102.82,108.90
,01 식료품 및 비주류음료,-,-,-,-,-,-,-,-,-,-,-,-,87.550,89.768,92.563,95.819,95.355,100.00,106.62,113.10
,02 주류 및 담배,-,-,-,-,-,-,-,-,-,-,-,-,96.534,97.010,98.458,99.087,99.648,100.00,100.24,102.49
,03 의류 및 신발,-,-,-,-,-,-,-,-,-,-,-,-,95.013,96.982,98.185,99.221,99.280,100.00,100.56,103.67
,"04 주택, 수도, 전기 및 연료",-,-,-,-,-,-,-,-,-,-,-,-,95.790,94.315,95.578,96.659,97.935,100.00,102.01,111.20
,05 가정용품 및 가사 서비스,-,-,-,-,-,-,-,-,-,-,-,-,94.738,96.097,96.614,97.986,99.994,100.00,101.68,107.37
,06 보건,-,-,-,-,-,-,-,-,-,-,-,-,96.382,96.974,97.701,97.457,98.121,100.00,99.64,100.10
,07 교통,-,-,-,-,-,-,-,-,-,-,-,-,101.323,97.939,101.039,103.712,101.359,100.00,107.20,119.29
,08 통신,-,-,-,-,-,-,-,-,-,-,-,-,105.018,105.103,105.392,104.493,102.102,100.00,99.15,100.05
,09 오락 및 문화,-,-,-,-,-,-,-,-,-,-,-,-,99.021,100.843,100.898,101.157,100.568,100.00,100.35,102.58
,10 교육,-,-,-,-,-,-,-,-,-,-,-,-,100.536,103.154,103.891,104.569,100.687,100.00,100.12,100.48
,11 음식 및 숙박,-,-,-,-,-,-,-,-,-,-,-,-,91.396,93.247,95.618,98.484,99.158,100.00,102.19,109.80
,12 기타 상품 및 서비스,-,-,-,-,-,-,-,-,-,-,-,-,90.208,93.282,96.030,97.201,97.865,100.00,101.89,107.50
　　　　　　서산시,0 총지수,-,-,75.915,77.945,79.964,83.633,85.910,88.471,92.394,94.460,95.699,95.796,95.598,96.227,98.243,99.713,99.522,100.00,102.97,108.90
,01 식료품 및 비주류음료,-,-,59.882,60.231,61.813,65.031,70.106,74.137,80.704,84.523,85.440,85.082,86.754,87.831,90.803,93.680,95.166,100.00,105.56,113.08
,02 주류 및 담배,-,-,60.078,59.983,60.053,60.253,62.246,62.306,62.820,63.862,65.452,65.625,96.485,96.883,98.919,99.223,99.306,100.00,100.49,102.95
,03 의류 및 신발,-,-,68.823,71.037,72.752,74.444,78.350,80.847,83.696,87.785,90.364,93.519,95.163,96.998,98.197,99.016,99.181,100.00,100.46,103.64
,"04 주택, 수도, 전기 및 연료",-,-,78.695,81.699,82.873,85.929,85.883,88.460,93.525,96.908,100.087,101.143,98.193,97.344,99.901,100.111,100.779,100.00,103.23,110.76
,05 가정용품 및 가사 서비스,-,-,74.395,74.389,76.262,79.783,83.094,83.148,85.982,87.902,88.666,89.913,92.136,93.196,94.358,96.822,99.731,100.00,101.45,106.17
,06 보건,-,-,85.052,86.271,87.348,88.815,91.246,93.394,94.670,95.159,95.192,96.156,97.298,98.303,99.137,99.296,99.311,100.00,99.78,100.53
,07 교통,-,-,85.648,89.202,92.578,100.892,96.367,102.449,110.298,112.910,112.529,111.084,101.371,98.099,101.493,103.937,101.325,100.00,107.26,118.99
,08 통신,-,-,116.460,115.131,112.957,111.326,111.151,110.071,108.310,105.502,105.343,105.265,105.018,105.103,105.392,104.493,102.102,100.00,99.15,100.05
,09 오락 및 문화,-,-,94.106,92.584,91.408,92.867,95.141,95.784,98.490,98.754,99.355,99.306,98.504,99.970,100.274,101.046,100.794,100.00,100.79,104.22
,10 교육,-,-,78.165,82.041,88.177,90.685,94.151,96.560,97.903,99.776,101.020,100.973,101.582,103.136,103.898,105.243,101.527,100.00,100.05,99.75
,11 음식 및 숙박,-,-,72.976,75.877,77.592,82.504,84.883,86.074,89.596,91.497,93.657,91.470,91.608,93.908,95.964,98.672,99.279,100.00,102.96,110.55
,12 기타 상품 및 서비스,-,-,63.444,66.949,69.888,77.369,83.079,85.521,88.293,86.754,87.361,88.735,90.691,94.299,97.355,97.702,98.468,100.00,102.28,107.14
　　　전라북도,0 총지수,70.037,72.743,74.746,76.378,78.253,82.090,84.482,87.250,91.066,93.051,94.173,95.233,95.205,95.718,97.492,99.158,99.467,100.00,102.59,108.06
,01 식료품 및 비주류음료,53.413,58.372,59.316,59.469,61.036,64.017,68.965,73.711,80.455,84.277,85.735,85.581,87.181,89.285,91.519,94.697,95.165,100.00,105.66,111.27
,02 주류 및 담배,53.437,54.247,61.402,61.280,61.372,61.653,62.563,62.876,63.410,64.432,65.601,65.715,96.447,97.181,98.707,99.009,99.867,100.00,99.99,101.56
,03 의류 및 신발,69.267,69.440,70.022,71.977,74.206,76.138,79.914,82.310,84.847,88.838,91.511,95.342,96.523,97.968,98.827,100.364,99.396,100.00,100.56,103.84
,"04 주택, 수도, 전기 및 연료",71.330,73.408,76.511,78.889,80.579,84.825,83.965,85.814,90.627,95.140,98.327,100.892,98.290,96.393,97.323,98.076,99.752,100.00,101.20,108.59
,05 가정용품 및 가사 서비스,74.606,75.172,75.272,75.304,76.113,79.982,84.360,85.056,87.763,89.989,89.500,92.103,94.931,96.173,97.322,98.843,100.434,100.00,101.80,106.47
,06 보건,79.565,81.042,82.890,85.501,86.233,87.856,90.377,92.174,93.680,93.748,94.264,95.268,96.331,97.173,97.922,97.986,98.423,100.00,99.94,100.76
,07 교통,80.266,83.372,87.926,91.801,95.369,104.169,100.586,105.752,113.366,116.766,115.808,113.541,101.989,98.225,102.744,106.079,103.096,100.00,106.78,117.38
,08 통신,120.433,118.545,116.306,115.017,112.816,111.237,111.062,110.050,108.318,105.595,105.399,105.312,105.058,105.156,105.512,104.583,102.162,100.00,98.76,99.78
,09 오락 및 문화,95.400,95.653,95.669,93.173,91.515,92.894,94.855,95.725,97.336,97.638,98.509,98.809,98.382,100.117,100.169,100.760,100.635,100.00,100.47,104.00
,10 교육,69.240,72.745,74.675,77.449,81.984,86.153,89.761,92.412,94.114,95.177,96.513,97.811,99.169,100.006,100.850,102.089,102.558,100.00,100.78,101.89
,11 음식 및 숙박,63.752,66.561,68.335,70.158,71.684,76.006,79.645,81.484,84.934,85.254,85.718,87.313,89.455,91.697,93.798,96.547,98.801,100.00,102.66,110.25
,12 기타 상품 및 서비스,61.937,63.328,64.380,67.513,70.421,76.479,81.442,84.493,87.500,84.810,85.576,87.770,89.771,92.957,96.067,96.531,98.221,100.00,102.06,108.01
　　　　　　전주시,0 총지수,70.022,72.649,74.653,76.314,78.200,82.032,84.483,87.195,90.974,92.936,94.009,95.075,95.003,95.641,97.422,99.206,99.562,100.00,102.58,107.90
,01 식료품 및 비주류음료,53.294,58.325,59.213,59.583,61.255,64.220,69.085,73.623,80.366,84.397,85.725,85.438,86.700,89.193,91.300,95.077,95.439,100.00,105.89,111.15
,02 주류 및 담배,53.325,54.249,61.301,61.112,61.209,61.460,62.512,62.865,63.378,64.410,65.535,65.723,96.369,97.155,98.715,99.089,99.963,100.00,100.04,101.32
,03 의류 및 신발,69.495,69.727,70.301,72.188,74.274,76.202,79.940,82.350,84.855,88.834,91.505,95.336,96.418,97.636,98.722,100.273,99.343,100.00,100.56,103.90
,"04 주택, 수도, 전기 및 연료",70.293,72.166,75.188,77.431,79.254,83.515,82.706,84.543,89.503,94.257,97.438,100.027,97.862,96.294,97.263,97.995,99.755,100.00,100.92,108.13
,05 가정용품 및 가사 서비스,75.970,76.278,76.658,76.575,76.798,80.963,85.908,86.674,89.346,91.838,91.256,93.537,95.955,97.369,97.629,99.079,100.627,100.00,101.68,106.36
,06 보건,79.056,80.524,82.502,85.741,86.215,87.638,90.209,91.983,93.332,93.234,93.894,95.176,96.173,97.005,97.681,97.641,98.264,100.00,99.90,100.67
,07 교통,79.665,82.970,88.012,92.030,95.544,104.484,101.111,106.368,113.929,117.430,116.367,113.980,102.217,98.417,103.065,106.229,103.233,100.00,106.88,116.94
,08 통신,120.488,118.564,116.347,115.038,112.856,111.256,111.101,110.023,108.318,105.595,105.399,105.312,105.058,105.156,105.512,104.583,102.162,100.00,98.76,99.78
,09 오락 및 문화,95.365,95.726,95.805,93.330,91.405,92.643,94.584,95.389,97.027,97.369,98.368,98.672,98.308,100.041,99.999,100.821,100.647,100.00,100.31,103.65
,10 교육,70.597,73.485,75.171,78.191,82.903,87.290,91.268,93.910,95.138,95.622,96.571,97.947,99.035,100.159,101.390,102.484,102.729,100.00,100.58,102.07
,11 음식 및 숙박,63.478,66.249,67.962,69.491,71.371,75.483,79.436,81.259,84.428,84.549,85.218,86.876,89.061,91.244,93.254,96.249,99.020,100.00,102.78,110.58
,12 기타 상품 및 서비스,62.800,64.061,64.866,67.574,70.131,75.974,80.417,83.761,87.154,84.181,84.719,87.030,89.283,92.624,96.011,96.704,98.244,100.00,101.93,107.50
　　　　　　군산시,0 총지수,69.934,72.695,74.645,76.305,78.109,81.928,84.323,87.066,90.911,92.914,94.254,95.342,95.447,95.774,97.470,98.847,99.244,100.00,102.57,107.99
,01 식료품 및 비주류음료,54.157,59.140,60.138,59.862,60.764,63.445,69.018,73.743,80.607,83.932,86.147,86.258,88.747,89.810,92.275,94.575,95.304,100.00,105.12,110.81
,02 주류 및 담배,53.721,54.223,61.599,61.523,61.600,61.934,62.668,62.965,63.480,64.483,65.751,65.647,96.547,97.254,99.035,99.333,99.983,100.00,99.92,102.01
,03 의류 및 신발,68.633,68.876,69.451,71.627,74.063,75.933,79.799,82.092,84.725,88.808,91.561,95.350,96.712,98.630,99.098,100.685,99.514,100.00,100.45,103.46
,"04 주택, 수도, 전기 및 연료",73.754,75.501,78.901,81.866,83.227,87.303,86.685,88.809,92.924,97.150,100.692,103.515,100.025,97.345,97.625,98.138,99.428,100.00,101.61,109.21
,05 가정용품 및 가사 서비스,72.056,73.383,72.827,73.264,75.358,78.780,82.318,82.912,85.655,87.298,86.678,90.234,94.159,94.882,96.456,98.335,100.146,100.00,101.49,106.17
,06 보건,79.596,81.454,83.191,84.904,86.186,87.641,89.805,91.725,93.697,94.210,94.458,94.944,96.100,96.934,97.700,97.897,98.322,100.00,100.01,100.93
,07 교통,81.530,84.396,87.883,91.478,95.052,103.693,99.826,104.827,112.689,115.851,115.076,112.916,101.798,98.108,102.378,105.749,102.864,100.00,106.47,117.41
,08 통신,120.432,118.533,116.283,115.003,112.793,111.214,111.050,110.048,108.324,105.593,105.399,105.309,105.058,105.156,105.512,104.583,102.162,100.00,98.76,99.78
,09 오락 및 문화,95.230,95.325,95.032,92.435,91.318,92.815,94.930,96.038,97.687,97.798,98.321,98.636,98.054,99.747,99.972,100.305,100.392,100.00,100.69,104.29
,10 교육,65.453,69.612,71.704,74.153,78.501,82.504,85.664,88.519,90.629,92.913,95.161,96.195,98.123,98.642,99.085,100.635,101.976,100.00,101.21,101.79
,11 음식 및 숙박,62.462,65.307,67.371,69.831,70.852,75.832,78.802,80.537,84.383,85.174,85.114,86.591,88.450,91.377,93.820,95.691,97.989,100.00,102.97,109.59
,12 기타 상품 및 서비스,61.306,62.848,64.005,67.899,71.563,77.958,83.617,86.018,88.104,85.600,86.867,88.956,90.378,93.518,96.402,96.302,98.069,100.00,102.10,108.04
　　　　　　익산시,0 총지수,-,-,-,-,-,-,-,-,-,-,-,-,95.441,95.852,97.671,99.341,99.466,100.00,102.64,108.48
,01 식료품 및 비주류음료,-,-,-,-,-,-,-,-,-,-,-,-,86.844,89.022,91.304,93.939,94.406,100.00,105.64,111.96
,02 주류 및 담배,-,-,-,-,-,-,-,-,-,-,-,-,96.541,97.167,98.388,98.533,99.549,100.00,99.93,101.67
,03 의류 및 신발,-,-,-,-,-,-,-,-,-,-,-,-,96.592,98.116,98.829,100.277,99.414,100.00,100.66,104.06
,"04 주택, 수도, 전기 및 연료",-,-,-,-,-,-,-,-,-,-,-,-,97.629,95.738,97.171,98.217,100.064,100.00,101.48,109.02
,05 가정용품 및 가사 서비스,-,-,-,-,-,-,-,-,-,-,-,-,93.416,94.758,97.455,98.785,100.262,100.00,102.38,107.05
,06 보건,-,-,-,-,-,-,-,-,-,-,-,-,96.912,97.784,98.692,98.856,98.888,100.00,99.95,100.80
,07 교통,-,-,-,-,-,-,-,-,-,-,-,-,101.662,97.908,102.367,106.047,103.010,100.00,106.84,118.37
,08 통신,-,-,-,-,-,-,-,-,-,-,-,-,105.058,105.156,105.512,104.583,102.162,100.00,98.76,99.78
,09 오락 및 문화,-,-,-,-,-,-,-,-,-,-,-,-,98.868,100.637,100.741,101.052,100.826,100.00,100.65,104.52
,10 교육,-,-,-,-,-,-,-,-,-,-,-,-,100.485,100.959,101.299,102.569,102.738,100.00,100.83,101.59
,11 음식 및 숙박,-,-,-,-,-,-,-,-,-,-,-,-,91.311,93.046,95.047,98.041,99.072,100.00,102.11,110.11
,12 기타 상품 및 서비스,-,-,-,-,-,-,-,-,-,-,-,-,90.318,93.190,95.888,96.354,98.325,100.00,102.33,109.13
　　　전라남도,0 총지수,70.131,72.596,74.513,76.066,77.947,81.673,83.952,86.753,90.635,92.434,93.687,94.627,94.595,95.486,97.508,98.971,99.300,100.00,102.62,108.43
,01 식료품 및 비주류음료,53.923,58.053,59.387,59.411,60.673,63.519,68.977,74.229,79.623,83.926,85.092,85.319,86.014,88.984,91.819,94.128,95.060,100.00,105.06,110.83
,02 주류 및 담배,52.054,52.462,60.182,60.192,60.473,60.814,61.702,62.077,62.481,63.583,64.721,64.799,97.735,97.890,99.511,99.451,99.852,100.00,100.07,102.36
,03 의류 및 신발,68.648,68.824,69.613,71.377,73.326,75.240,79.173,81.580,84.191,88.474,91.170,94.911,96.083,97.669,98.754,99.932,99.906,100.00,100.67,104.07
,"04 주택, 수도, 전기 및 연료",72.784,74.946,77.132,79.529,81.136,85.333,84.921,87.223,92.485,95.973,98.772,100.773,97.532,95.882,97.571,98.430,100.020,100.00,101.89,110.84
,05 가정용품 및 가사 서비스,74.264,74.317,74.958,75.333,76.826,80.379,83.433,83.167,87.407,89.603,90.051,91.265,93.067,94.780,96.388,97.843,99.702,100.00,101.73,106.15
,06 보건,82.271,83.406,85.146,86.423,88.055,89.864,91.262,93.064,94.414,95.244,95.083,95.442,96.710,97.572,98.494,98.322,98.743,100.00,99.85,100.63
,07 교통,79.202,81.580,85.413,89.569,93.291,101.818,98.238,103.119,111.498,113.250,113.320,111.697,101.042,97.414,101.967,104.356,102.024,100.00,107.46,119.22
,08 통신,120.527,118.617,116.519,115.034,112.752,111.140,111.004,109.894,108.183,105.446,105.341,105.321,105.120,105.206,105.512,104.580,102.157,100.00,98.85,99.85
,09 오락 및 문화,97.231,97.330,97.330,94.686,92.544,93.518,96.316,97.216,98.893,98.876,99.592,99.691,99.106,100.826,100.689,101.293,101.010,100.00,100.73,103.77
,10 교육,67.741,71.663,73.695,77.048,82.570,86.077,88.325,90.840,92.165,94.186,96.063,97.284,98.782,101.500,102.714,104.352,103.569,100.00,100.45,101.68
,11 음식 및 숙박,66.097,69.072,70.597,71.639,72.797,77.157,80.322,82.310,87.276,86.337,87.523,89.015,90.614,91.714,93.311,96.318,98.380,100.00,102.65,110.56
,12 기타 상품 및 서비스,58.076,59.350,60.657,64.255,67.566,73.425,77.943,80.110,83.062,82.720,84.540,86.715,88.532,92.364,96.364,96.757,98.014,100.00,101.89,108.29
　　　　　　목포시,0 총지수,70.136,72.447,74.323,76.045,77.965,81.780,84.183,86.761,90.520,92.567,93.752,94.501,94.448,95.737,97.823,99.052,99.074,100.00,102.76,108.18
,01 식료품 및 비주류음료,53.806,57.228,58.841,58.880,59.757,62.817,68.706,73.359,79.234,83.372,84.165,83.800,84.894,88.521,91.880,94.528,94.715,100.00,105.97,110.41
,02 주류 및 담배,51.334,51.571,59.838,59.919,59.958,60.217,61.693,62.097,62.361,63.376,64.578,64.652,97.690,97.755,99.096,99.306,99.756,100.00,99.95,102.17
,03 의류 및 신발,68.467,68.586,69.380,71.004,73.196,74.855,79.011,81.621,84.123,88.467,91.092,94.782,96.134,97.719,98.872,100.020,99.989,100.00,100.68,103.85
,"04 주택, 수도, 전기 및 연료",74.832,76.913,78.136,81.027,82.720,87.038,86.458,88.412,93.282,97.336,99.631,101.941,98.796,96.787,97.895,98.475,100.027,100.00,101.58,110.94
,05 가정용품 및 가사 서비스,72.255,72.793,74.003,75.353,77.135,80.089,83.122,83.517,87.157,88.555,88.955,90.808,92.874,94.877,96.727,98.054,99.827,100.00,101.64,106.32
,06 보건,80.515,81.516,83.319,85.068,86.783,88.942,90.414,92.927,94.283,95.329,95.295,95.077,96.401,97.317,98.359,98.217,98.697,100.00,100.03,100.73
,07 교통,77.719,80.127,84.228,88.187,91.837,100.380,97.277,101.994,109.967,112.252,111.974,110.715,100.167,96.675,101.606,103.735,101.742,100.00,107.34,118.97
,08 통신,120.455,118.554,116.480,114.994,112.684,111.074,110.870,109.858,108.210,105.428,105.310,105.280,105.113,105.199,105.502,104.573,102.155,100.00,98.85,99.85
,09 오락 및 문화,96.730,96.673,96.632,94.482,92.911,93.926,96.809,97.671,99.454,99.154,99.730,99.945,99.367,100.899,100.653,101.329,100.919,100.00,100.82,104.07
,10 교육,64.941,68.892,70.821,73.288,78.741,82.737,84.826,86.668,88.545,91.695,94.118,95.068,95.603,101.561,103.043,104.277,103.423,100.00,100.21,100.97
,11 음식 및 숙박,67.930,71.013,72.869,74.825,76.003,80.381,84.158,85.888,89.603,88.901,90.470,91.488,92.723,94.321,95.822,97.177,97.565,100.00,102.89,109.71
,12 기타 상품 및 서비스,60.375,61.939,62.176,66.286,69.659,75.433,79.340,81.003,84.318,84.075,85.719,87.159,88.997,92.296,95.615,96.145,97.784,100.00,101.92,107.66
　　　　　　여수시,0 총지수,69.792,72.555,74.392,75.694,77.424,81.051,82.923,85.813,90.010,91.863,93.293,94.098,94.083,94.764,96.907,98.527,99.231,100.00,102.48,108.59
,01 식료품 및 비주류음료,54.502,59.590,60.327,60.036,61.368,64.355,68.844,74.453,80.267,84.381,85.269,84.933,85.549,88.045,90.599,92.849,94.473,100.00,104.68,111.38
,02 주류 및 담배,52.220,52.711,60.259,60.285,60.546,60.858,61.585,61.932,62.324,63.473,64.582,64.590,97.597,97.860,99.640,99.541,99.772,100.00,99.94,102.25
,03 의류 및 신발,68.608,68.748,69.600,71.515,73.359,75.465,79.085,81.425,83.840,88.254,91.080,94.928,95.798,97.432,98.525,99.645,99.824,100.00,100.75,104.39
,"04 주택, 수도, 전기 및 연료",71.049,73.489,75.962,78.032,79.532,83.311,83.001,85.331,90.123,93.295,96.565,98.278,95.054,93.814,95.928,97.652,99.975,100.00,101.68,110.12
,05 가정용품 및 가사 서비스,73.708,73.531,73.796,73.753,74.318,78.426,81.704,80.872,86.238,90.223,90.736,91.273,92.676,94.198,95.532,97.277,99.267,100.00,101.44,105.35
,06 보건,81.906,82.941,84.616,85.519,87.049,88.685,90.328,91.738,92.739,93.780,93.785,94.927,96.263,97.280,98.271,98.036,98.713,100.00,99.75,100.41
,07 교통,80.209,82.507,86.085,90.232,93.905,102.291,98.274,103.545,112.330,112.776,114.068,112.577,102.001,98.203,102.280,104.735,102.109,100.00,107.84,119.57
,08 통신,120.589,118.699,116.578,115.101,112.828,111.225,111.050,109.930,108.218,105.480,105.398,105.383,105.120,105.206,105.512,104.580,102.157,100.00,98.85,99.85
,09 오락 및 문화,97.750,98.192,98.284,95.433,93.042,94.041,96.785,97.702,99.331,99.541,100.129,99.962,99.160,100.878,100.678,101.312,101.213,100.00,100.68,103.53
,10 교육,68.462,72.361,74.409,78.519,83.342,86.721,88.047,91.023,93.192,95.248,97.311,98.089,100.398,101.353,103.258,104.489,103.621,100.00,100.25,102.21
,11 음식 및 숙박,63.887,67.304,69.252,69.696,70.723,74.792,77.793,79.630,85.807,85.204,86.381,87.670,89.315,89.891,91.954,95.402,98.727,100.00,102.22,111.24
,12 기타 상품 및 서비스,56.066,57.696,58.990,61.925,65.224,70.652,74.271,76.526,79.593,80.823,82.761,85.269,86.866,91.309,96.528,97.242,98.231,100.00,101.98,109.54
　　　　　　순천시,0 총지수,70.582,72.801,74.870,76.474,78.557,82.307,84.846,87.772,91.444,92.898,94.039,95.328,95.306,96.007,97.837,99.362,99.595,100.00,102.63,108.48
,01 식료품 및 비주류음료,53.560,57.309,59.029,59.388,60.932,63.441,69.555,74.905,79.337,83.987,85.868,87.375,87.695,90.484,93.060,95.074,96.015,100.00,104.65,110.62
,02 주류 및 담배,52.620,53.115,60.539,60.444,60.944,61.342,61.862,62.235,62.805,63.925,65.022,65.190,97.919,98.057,99.802,99.500,100.034,100.00,100.32,102.64
,03 의류 및 신발,68.927,69.124,69.849,71.584,73.463,75.390,79.475,81.756,84.638,88.700,91.345,95.019,96.307,97.850,98.863,100.131,99.904,100.00,100.57,103.92
,"04 주택, 수도, 전기 및 연료",72.807,74.690,77.361,79.708,81.345,85.845,85.542,88.063,94.242,97.496,100.321,102.295,98.925,97.186,99.024,99.234,100.065,100.00,102.36,111.49
,05 가정용품 및 가사 서비스,76.920,76.780,77.289,77.160,79.376,82.893,85.656,85.237,89.023,90.140,90.569,91.785,93.699,95.317,96.975,98.256,100.070,100.00,102.10,106.83
,06 보건,84.407,85.730,87.558,88.791,90.374,92.045,93.161,94.665,96.345,96.718,96.223,96.379,97.506,98.150,98.866,98.740,98.825,100.00,99.80,100.77
,07 교통,79.776,82.181,86.016,90.424,94.243,102.987,99.239,103.926,112.335,114.819,113.972,111.786,100.933,97.348,102.009,104.597,102.218,100.00,107.17,119.07
,08 통신,120.674,118.695,116.520,115.073,112.772,111.112,110.956,109.875,108.137,105.427,105.308,105.281,105.120,105.206,105.512,104.580,102.157,100.00,98.85,99.85
,09 오락 및 문화,97.134,97.019,96.953,94.166,91.799,92.631,95.305,96.218,97.814,97.877,98.874,99.124,98.756,100.675,100.720,101.226,100.875,100.00,100.71,103.77
,10 교육,70.298,74.307,76.460,80.048,86.247,89.465,92.715,95.542,95.216,95.805,96.822,98.848,100.578,101.660,101.851,104.301,103.674,100.00,100.87,101.75
,11 음식 및 숙박,66.680,68.997,69.728,70.571,71.879,76.480,79.258,81.636,86.649,85.018,85.805,88.022,89.969,91.133,92.321,96.461,98.815,100.00,102.89,110.61
,12 기타 상품 및 서비스,58.125,58.712,60.980,64.852,68.124,74.583,80.661,83.300,85.611,83.355,85.241,87.863,89.909,93.620,96.989,96.873,98.024,100.00,101.78,107.54
　　　경상북도,0 총지수,71.015,73.414,75.593,77.345,79.241,83.437,85.409,88.111,91.863,93.713,94.798,95.758,95.795,96.452,98.240,99.703,99.875,100.00,102.74,108.74
,01 식료품 및 비주류음료,53.500,57.666,59.298,59.872,61.982,65.169,70.229,75.593,82.303,85.700,86.389,87.151,88.501,90.577,93.257,96.456,96.089,100.00,105.65,112.40
,02 주류 및 담배,51.059,51.682,59.139,59.065,59.228,59.632,60.347,60.618,61.179,62.057,62.877,62.921,97.244,97.899,99.142,99.339,99.691,100.00,100.11,102.16
,03 의류 및 신발,67.951,68.260,68.965,70.717,72.608,74.550,78.384,80.879,83.486,87.442,90.087,93.591,94.915,96.665,97.842,98.903,99.112,100.00,100.52,103.78
,"04 주택, 수도, 전기 및 연료",76.714,79.084,81.369,83.926,85.763,91.120,89.283,91.223,95.738,99.035,101.942,104.450,100.736,98.155,98.884,99.020,100.070,100.00,101.48,109.84
,05 가정용품 및 가사 서비스,74.306,74.342,75.081,75.482,76.745,79.867,83.914,84.634,87.462,89.643,90.115,92.036,93.864,95.497,96.513,98.688,100.143,100.00,101.95,107.02
,06 보건,80.628,81.845,83.590,85.137,86.196,88.167,89.755,91.364,92.962,94.335,94.667,95.416,96.705,97.763,98.688,98.504,98.841,100.00,100.12,101.05
,07 교통,83.157,85.400,89.330,93.602,96.423,106.150,101.648,107.268,115.411,118.073,116.722,114.068,102.216,99.052,103.125,106.295,103.289,100.00,108.42,121.70
,08 통신,120.924,118.968,116.831,115.234,112.828,111.105,110.978,109.913,108.174,105.464,105.320,105.260,105.065,105.154,105.476,104.558,102.146,100.00,99.26,100.13
,09 오락 및 문화,97.075,96.892,96.980,94.208,92.325,93.496,95.364,95.719,96.517,96.485,97.388,98.125,98.277,100.240,100.346,100.858,100.939,100.00,100.48,103.68
,10 교육,68.676,71.918,75.460,78.672,82.904,87.399,89.599,90.516,91.157,93.087,94.267,95.103,96.761,98.627,99.959,101.401,102.618,100.00,100.09,100.91
,11 음식 및 숙박,64.857,67.399,69.065,70.336,71.510,75.314,78.410,80.373,84.739,86.614,88.678,89.743,91.441,93.274,95.135,97.236,99.362,100.00,102.92,110.89
,12 기타 상품 및 서비스,63.333,65.072,66.030,69.876,73.419,80.225,85.226,87.865,90.318,86.306,87.245,89.579,91.684,94.825,97.825,97.978,98.963,100.00,101.52,107.24
　　　　　　포항시,0 총지수,70.772,72.874,75.076,76.972,78.961,83.096,84.923,87.494,90.972,93.166,94.446,95.313,95.603,96.484,98.392,99.748,99.903,100.00,102.67,108.64
,01 식료품 및 비주류음료,53.010,56.983,59.118,60.128,62.945,65.699,70.148,74.973,81.934,85.165,85.620,85.798,88.046,90.181,93.377,96.118,95.721,100.00,105.52,111.33
,02 주류 및 담배,51.019,51.707,59.292,59.450,59.524,59.825,60.424,60.685,61.191,62.054,62.932,62.941,97.209,97.662,98.822,99.214,99.602,100.00,100.10,102.09
,03 의류 및 신발,68.459,68.749,69.419,71.230,73.092,75.082,78.923,81.484,84.201,88.253,91.042,94.776,96.044,97.724,98.721,99.781,99.340,100.00,100.46,103.93
,"04 주택, 수도, 전기 및 연료",78.746,80.829,82.912,85.545,87.313,91.962,90.367,92.196,96.945,100.648,103.725,106.470,102.296,99.930,100.171,99.780,100.677,100.00,101.10,109.39
,05 가정용품 및 가사 서비스,73.647,74.893,75.774,75.748,77.542,80.409,84.046,85.618,87.844,89.941,90.776,92.808,94.334,95.992,96.891,99.230,100.652,100.00,102.14,107.84
,06 보건,80.190,81.129,83.070,84.115,85.036,87.119,88.794,90.171,91.892,93.846,94.394,95.287,96.761,97.786,98.752,98.412,98.779,100.00,100.30,101.49
,07 교통,83.507,85.622,89.422,93.825,96.142,106.393,101.856,107.533,114.944,117.586,116.145,113.660,101.937,99.162,103.363,106.433,103.356,100.00,108.02,121.18
,08 통신,120.881,118.915,116.778,115.191,112.778,111.124,110.919,109.913,108.174,105.466,105.322,105.261,105.065,105.154,105.476,104.558,102.146,100.00,99.26,100.13
,09 오락 및 문화,97.513,96.837,97.208,94.308,92.502,93.473,94.850,95.166,96.015,96.388,97.265,98.445,98.731,100.671,100.944,101.433,101.111,100.00,100.55,104.24
,10 교육,65.907,67.790,70.744,73.893,77.736,82.317,83.626,84.309,84.295,87.458,90.220,90.694,93.286,96.330,98.552,100.155,102.413,100.00,100.17,101.54
,11 음식 및 숙박,65.148,67.281,68.614,69.998,71.370,75.132,78.323,80.273,83.712,86.146,88.398,89.033,90.747,92.666,94.646,96.897,99.137,100.00,103.28,111.40
,12 기타 상품 및 서비스,60.970,62.788,63.837,68.439,71.998,79.377,84.788,87.370,89.314,86.017,86.894,89.411,91.949,95.509,98.206,98.514,99.156,100.00,100.99,106.84
　　　　　　경주시,0 총지수,71.139,73.802,76.197,77.740,79.772,84.007,86.274,88.979,92.479,94.450,95.457,96.097,95.674,96.422,98.332,100.026,99.949,100.00,102.47,108.44
,01 식료품 및 비주류음료,55.313,59.019,60.345,60.657,62.819,65.676,70.429,76.291,82.185,85.696,86.894,88.042,88.625,90.862,93.443,96.395,96.540,100.00,105.07,112.33
,02 주류 및 담배,51.162,51.528,59.198,59.124,59.335,59.942,60.603,60.736,61.450,62.336,63.172,63.236,97.782,98.347,99.491,99.516,99.808,100.00,100.07,102.38
,03 의류 및 신발,67.216,67.613,68.401,70.105,72.009,73.953,77.715,80.063,82.919,86.744,89.011,92.670,94.034,95.801,96.994,98.093,98.673,100.00,100.47,103.53
,"04 주택, 수도, 전기 및 연료",74.673,77.990,80.884,83.742,86.391,91.952,90.927,92.470,96.739,99.722,102.394,104.145,100.200,98.031,99.779,100.184,100.133,100.00,101.20,109.32
,05 가정용품 및 가사 서비스,74.739,74.321,73.813,73.597,75.025,79.238,83.513,83.907,86.193,88.697,89.484,91.448,93.277,95.114,96.002,98.040,99.849,100.00,101.83,106.04
,06 보건,81.829,83.380,85.374,87.480,87.978,90.105,91.777,93.222,94.465,95.218,95.301,95.990,97.135,98.425,99.239,99.181,99.060,100.00,100.07,101.17
,07 교통,82.516,85.193,89.338,93.596,96.663,106.385,101.926,107.133,115.152,118.582,117.238,114.434,102.570,99.168,103.284,106.558,103.234,100.00,107.82,120.76
,08 통신,120.871,118.952,116.783,115.255,112.812,111.059,110.933,109.917,108.187,105.468,105.323,105.264,105.065,105.154,105.476,104.558,102.146,100.00,99.26,100.13
,09 오락 및 문화,95.390,95.960,96.332,93.764,91.700,92.728,94.647,95.265,96.757,96.654,97.417,97.833,97.921,100.182,100.446,100.804,100.834,100.00,100.37,103.54
,10 교육,67.342,71.156,74.818,77.412,81.820,86.690,90.756,92.042,93.446,95.504,94.789,95.775,96.362,97.931,98.697,101.800,102.728,100.00,99.75,99.42
,11 음식 및 숙박,65.937,69.350,72.432,73.083,73.754,77.870,81.763,83.925,87.659,89.745,92.491,91.620,92.008,94.189,95.978,98.633,99.801,100.00,102.75,111.23
,12 기타 상품 및 서비스,64.072,65.786,66.476,69.773,74.359,80.425,84.835,86.874,88.401,85.440,86.393,88.206,89.920,92.692,96.836,97.361,98.336,100.00,101.65,107.23
　　　　　　안동시,0 총지수,71.298,73.532,75.742,76.986,78.393,82.420,84.302,87.546,91.697,93.441,93.942,94.773,95.098,96.025,97.869,99.524,99.978,100.00,102.93,109.10
,01 식료품 및 비주류음료,53.493,57.432,58.920,58.105,59.392,62.686,70.037,75.878,80.836,85.622,86.431,86.357,88.261,91.495,93.754,97.313,98.006,100.00,106.04,113.33
,02 주류 및 담배,50.009,50.645,57.820,57.618,57.762,58.191,59.338,59.753,60.514,61.345,62.135,62.192,96.066,97.727,99.354,99.597,99.856,100.00,100.04,101.41
,03 의류 및 신발,67.241,67.543,68.401,70.225,72.203,74.158,77.761,80.191,82.569,86.420,89.365,93.188,94.382,96.181,97.445,98.453,99.099,100.00,100.71,104.16
,"04 주택, 수도, 전기 및 연료",78.249,80.269,83.493,84.759,85.796,93.881,89.226,93.040,98.622,100.236,100.328,101.929,99.328,96.311,96.918,98.350,99.686,100.00,102.25,111.34
,05 가정용품 및 가사 서비스,73.643,73.306,73.361,73.709,74.938,78.147,82.200,83.331,86.741,89.386,89.123,90.561,93.208,94.892,96.103,98.279,99.740,100.00,102.32,107.08
,06 보건,78.401,79.441,80.532,82.170,83.842,86.305,88.245,89.955,92.909,94.283,94.487,95.010,95.586,96.467,97.711,97.728,98.526,100.00,99.29,100.06
,07 교통,81.507,83.787,87.546,91.267,94.689,103.569,99.133,105.054,114.160,116.822,115.641,113.089,101.406,98.438,102.541,105.949,103.031,100.00,108.42,121.27
,08 통신,120.833,118.925,116.822,115.274,112.850,111.214,111.088,109.986,108.245,105.459,105.314,105.263,105.065,105.154,105.476,104.558,102.146,100.00,99.26,100.13
,09 오락 및 문화,97.607,97.590,97.477,94.422,92.253,93.886,95.787,96.209,96.482,96.180,97.315,98.481,98.530,100.025,100.013,100.874,100.790,100.00,100.41,103.40
,10 교육,73.768,78.112,82.608,85.918,88.885,91.577,93.016,93.729,95.448,97.156,97.633,98.490,100.517,101.317,102.727,102.999,102.875,100.00,99.44,100.86
,11 음식 및 숙박,64.880,66.227,67.107,68.617,69.389,72.252,74.881,77.804,83.679,84.424,84.851,86.551,88.325,91.940,94.448,96.357,99.078,100.00,103.65,112.08
,12 기타 상품 및 서비스,63.669,64.724,65.712,68.871,71.072,75.797,79.925,82.827,86.320,83.097,84.599,87.353,89.936,92.740,95.714,96.627,98.275,100.00,101.76,107.18
　　　　　　구미시,0 총지수,71.124,73.855,75.839,77.798,79.694,84.035,85.995,88.603,92.709,94.066,95.161,96.477,96.372,96.594,98.143,99.523,99.758,100.00,102.91,108.91
,01 식료품 및 비주류음료,52.835,57.810,59.058,59.953,61.479,65.466,70.446,75.915,83.405,86.411,87.046,88.628,89.101,90.586,92.827,96.612,95.610,100.00,106.02,113.38
,02 주류 및 담배,51.551,52.279,59.581,59.229,59.462,59.854,60.525,60.842,61.334,62.200,62.957,63.030,97.398,97.986,99.252,99.288,99.673,100.00,100.19,102.42
,03 의류 및 신발,68.040,68.343,68.923,70.628,72.483,74.390,78.296,80.881,83.355,87.249,89.847,92.860,94.273,96.078,97.430,98.486,99.100,100.00,100.55,103.59
,"04 주택, 수도, 전기 및 연료",75.717,77.820,79.344,82.187,83.893,88.753,87.266,88.801,92.907,96.376,100.172,103.159,99.733,96.798,97.563,97.715,99.467,100.00,101.80,110.12
,05 가정용품 및 가사 서비스,75.035,73.835,75.837,77.354,77.802,80.381,84.691,84.350,88.047,89.958,90.059,91.988,93.893,95.357,96.525,98.577,99.862,100.00,101.63,106.63
,06 보건,81.439,82.881,84.515,86.310,87.592,89.050,90.325,92.332,93.470,94.462,94.715,95.415,96.798,97.824,98.636,98.512,98.908,100.00,100.27,100.85
,07 교통,83.784,85.773,89.803,94.233,97.129,106.640,102.098,107.753,116.635,118.843,117.536,114.720,102.655,99.078,102.943,106.101,103.331,100.00,109.31,123.14
,08 통신,121.145,119.091,117.037,115.399,112.980,111.107,110.931,109.913,108.183,105.464,105.320,105.260,105.065,105.154,105.476,104.558,102.146,100.00,99.26,100.13
,09 오락 및 문화,97.557,97.284,96.932,94.331,92.635,93.895,96.407,96.512,97.043,96.636,97.571,97.788,97.847,99.833,99.682,100.188,100.842,100.00,100.51,103.20
,10 교육,71.361,75.587,79.408,83.260,88.522,93.333,95.755,96.792,97.495,97.665,98.039,99.295,100.167,101.045,101.509,102.142,102.713,100.00,100.50,101.15
,11 음식 및 숙박,63.816,66.927,68.333,69.843,71.357,75.435,78.101,79.443,84.793,86.225,88.259,90.735,93.129,93.980,95.490,97.145,99.492,100.00,102.28,109.55
,12 기타 상품 및 서비스,65.257,67.345,68.256,71.782,75.200,82.741,88.070,91.031,94.270,88.405,89.207,91.469,93.072,96.042,98.717,98.181,99.352,100.00,101.97,107.77
　　　경상남도,0 총지수,70.449,72.699,74.616,76.108,77.899,81.878,84.271,87.111,90.778,92.520,93.723,94.997,95.521,96.405,97.952,99.304,99.385,100.00,102.53,107.98
,01 식료품 및 비주류음료,55.378,59.360,60.825,60.998,62.488,65.580,71.140,76.411,82.071,86.286,86.838,87.422,88.329,90.232,92.400,95.453,95.736,100.00,105.15,111.08
,02 주류 및 담배,51.789,52.403,60.319,60.083,60.234,60.581,61.309,61.551,62.120,63.160,64.234,64.142,97.000,97.672,98.973,99.206,99.497,100.00,100.27,102.50
,03 의류 및 신발,68.545,68.685,69.276,71.170,73.190,75.078,78.963,81.275,84.003,88.202,91.031,94.782,95.939,97.731,98.781,99.819,99.455,100.00,100.50,103.71
,"04 주택, 수도, 전기 및 연료",74.520,76.771,78.663,80.709,81.856,86.162,85.979,87.915,92.749,97.000,99.942,102.868,100.611,99.257,100.008,99.787,100.412,100.00,101.34,108.27
,05 가정용품 및 가사 서비스,72.382,72.549,72.851,73.033,75.139,78.903,83.116,84.668,87.745,89.370,89.434,91.573,93.691,94.962,95.877,97.901,100.011,100.00,102.21,107.42
,06 보건,80.655,81.909,83.480,85.052,86.193,88.043,90.652,92.425,93.611,94.274,95.042,95.893,97.092,98.038,98.884,98.535,98.679,100.00,100.02,100.92
,07 교통,81.325,83.212,86.810,90.774,93.618,102.234,98.422,103.376,111.319,113.782,113.142,110.934,100.289,97.770,101.049,104.091,101.669,100.00,107.25,119.00
,08 통신,120.910,118.947,116.720,115.027,112.538,110.835,110.679,109.617,107.826,104.969,104.919,104.927,104.826,104.921,105.254,104.395,102.041,100.00,98.77,99.79
,09 오락 및 문화,94.526,94.208,94.184,91.955,90.558,91.680,93.666,94.294,95.716,96.061,97.176,98.013,97.792,99.539,99.875,100.427,100.517,100.00,100.63,103.12
,10 교육,67.695,70.421,73.203,76.784,82.006,86.990,89.663,92.368,93.785,94.732,95.545,97.346,98.972,100.219,100.984,102.307,102.593,100.00,100.76,101.35
,11 음식 및 숙박,65.731,68.122,69.783,70.888,71.877,75.401,78.036,79.823,83.913,84.105,86.349,88.148,91.952,94.577,96.424,98.140,98.763,100.00,102.87,110.50
,12 기타 상품 및 서비스,60.395,62.083,63.405,66.216,69.170,75.984,81.172,84.532,86.744,83.525,84.193,86.298,88.609,91.679,94.456,96.076,97.689,100.00,101.91,108.17
　　　　　　창원시,0 총지수,-,-,75.060,76.555,78.301,82.340,84.723,87.557,91.198,93.002,94.076,95.587,96.142,96.958,98.461,99.615,99.436,100.00,102.62,107.92
,01 식료품 및 비주류음료,-,-,61.749,62.233,63.895,67.204,72.545,77.665,83.238,87.303,87.333,88.075,89.259,90.785,93.245,96.033,95.927,100.00,105.35,110.39
,02 주류 및 담배,-,-,60.208,60.043,60.194,60.545,61.097,61.353,62.022,63.055,64.045,63.982,96.776,97.572,98.957,99.037,99.215,100.00,100.32,102.33
,03 의류 및 신발,-,-,69.407,71.316,73.277,75.308,79.079,81.401,84.209,88.386,91.258,95.042,96.198,97.981,99.019,100.130,99.483,100.00,100.46,103.68
,"04 주택, 수도, 전기 및 연료",-,-,78.347,80.566,81.402,85.784,85.875,87.887,92.830,97.092,100.117,103.881,101.845,100.446,100.563,100.075,100.506,100.00,101.43,108.37
,05 가정용품 및 가사 서비스,-,-,72.982,73.329,75.396,79.252,83.162,84.493,88.035,89.670,89.220,92.067,94.338,95.865,96.490,98.320,100.125,100.00,102.35,107.75
,06 보건,-,-,83.032,84.602,85.917,87.944,90.573,92.517,93.373,94.012,94.856,95.897,97.137,98.076,99.105,98.634,98.745,100.00,99.98,100.99
,07 교통,-,-,87.509,91.527,94.284,102.633,98.841,103.924,111.614,114.265,113.644,111.427,100.699,98.386,101.717,104.453,101.766,100.00,107.11,118.85
,08 통신,-,-,116.742,115.049,112.549,110.856,110.680,109.618,107.827,104.970,104.919,104.920,104.826,104.921,105.254,104.395,102.041,100.00,98.77,99.79
,09 오락 및 문화,-,-,94.065,91.839,90.577,91.807,93.854,94.394,95.834,96.071,97.381,98.281,97.830,99.542,99.627,100.261,100.466,100.00,100.61,103.18
,10 교육,-,-,73.183,76.312,81.129,86.465,89.319,92.316,93.816,95.307,95.933,97.710,98.908,100.331,101.204,102.159,102.229,100.00,101.09,102.03
,11 음식 및 숙박,-,-,71.041,71.881,72.906,76.470,79.081,80.761,85.022,85.199,87.331,89.389,93.163,95.427,97.144,98.311,98.522,100.00,103.16,110.31
,12 기타 상품 및 서비스,-,-,64.264,66.851,69.881,76.500,81.721,84.752,87.012,84.061,84.331,86.666,89.267,92.435,95.357,97.466,98.529,100.00,101.83,108.38
　　　　　　김해시,0 총지수,-,-,72.944,74.348,76.263,80.122,82.736,85.695,89.537,91.473,92.849,93.802,94.464,95.528,97.191,98.752,99.167,100.00,102.48,108.04
,01 식료품 및 비주류음료,-,-,57.322,57.542,59.272,62.219,67.946,73.076,79.300,84.124,84.899,85.144,85.827,88.469,90.315,94.096,95.205,100.00,105.49,112.22
,02 주류 및 담배,-,-,60.709,60.253,60.451,60.724,61.418,61.700,62.215,63.354,64.545,64.399,97.347,97.823,98.884,99.390,99.917,100.00,100.39,102.56
,03 의류 및 신발,-,-,68.832,70.817,72.888,74.431,78.469,80.880,83.502,87.687,90.371,94.104,95.231,97.048,98.087,98.959,99.175,100.00,100.49,103.73
,"04 주택, 수도, 전기 및 연료",-,-,78.550,80.154,81.581,85.528,85.312,87.185,92.764,97.589,100.657,102.588,100.392,99.227,100.260,99.852,100.484,100.00,100.68,107.05
,05 가정용품 및 가사 서비스,-,-,72.603,72.881,75.150,79.379,83.317,85.475,87.662,89.345,90.039,91.274,92.974,93.962,95.509,97.754,99.906,100.00,102.14,107.45
,06 보건,-,-,84.805,86.388,87.158,88.620,90.804,92.442,94.221,94.354,94.807,95.527,96.821,97.755,98.265,97.990,98.407,100.00,100.04,100.95
,07 교통,-,-,85.735,89.422,92.051,100.968,97.788,102.492,110.981,113.063,112.542,110.175,99.600,96.684,99.849,103.499,101.530,100.00,107.34,119.30
,08 통신,-,-,116.714,115.003,112.562,110.859,110.714,109.602,107.813,104.955,104.924,104.927,104.826,104.921,105.254,104.395,102.041,100.00,98.77,99.79
,09 오락 및 문화,-,-,93.694,91.688,89.877,90.759,92.515,93.437,95.205,95.821,96.344,97.100,97.337,99.195,100.092,100.590,100.683,100.00,100.45,102.68
,10 교육,-,-,72.294,75.740,81.914,86.186,88.866,91.509,92.714,93.107,94.756,96.521,99.428,100.229,101.065,102.353,103.267,100.00,100.59,100.51
,11 음식 및 숙박,-,-,66.892,67.929,68.894,72.232,75.393,77.128,81.074,81.695,84.183,85.664,89.761,93.243,95.881,98.119,98.764,100.00,102.74,111.18
,12 기타 상품 및 서비스,-,-,60.186,62.840,65.378,73.021,78.619,83.302,84.989,81.989,83.360,85.194,87.084,89.890,92.458,93.544,95.712,100.00,101.96,107.67
　　　　　　양산시,0 총지수,-,-,-,-,-,-,-,-,-,-,-,-,-,-,-,-,-,100.00,102.28,108.34
,01 식료품 및 비주류음료,-,-,-,-,-,-,-,-,-,-,-,-,-,-,-,-,-,100.00,104.06,111.83
,02 주류 및 담배,-,-,-,-,-,-,-,-,-,-,-,-,-,-,-,-,-,100.00,100.15,102.33
,03 의류 및 신발,-,-,-,-,-,-,-,-,-,-,-,-,-,-,-,-,-,100.00,100.62,103.86
,"04 주택, 수도, 전기 및 연료",-,-,-,-,-,-,-,-,-,-,-,-,-,-,-,-,-,100.00,101.66,109.43
,05 가정용품 및 가사 서비스,-,-,-,-,-,-,-,-,-,-,-,-,-,-,-,-,-,100.00,101.92,106.67
,06 보건,-,-,-,-,-,-,-,-,-,-,-,-,-,-,-,-,-,100.00,99.89,101.16
,07 교통,-,-,-,-,-,-,-,-,-,-,-,-,-,-,-,-,-,100.00,107.46,118.94
,08 통신,-,-,-,-,-,-,-,-,-,-,-,-,-,-,-,-,-,100.00,98.77,99.79
,09 오락 및 문화,-,-,-,-,-,-,-,-,-,-,-,-,-,-,-,-,-,100.00,100.99,103.64
,10 교육,-,-,-,-,-,-,-,-,-,-,-,-,-,-,-,-,-,100.00,100.18,100.85
,11 음식 및 숙박,-,-,-,-,-,-,-,-,-,-,-,-,-,-,-,-,-,100.00,102.30,111.09
,12 기타 상품 및 서비스,-,-,-,-,-,-,-,-,-,-,-,-,-,-,-,-,-,100.00,101.74,108.45
　　　　　　진주시,0 총지수,71.297,73.438,75.644,77.321,79.074,82.976,85.163,87.949,91.284,92.640,94.007,94.975,95.184,96.007,97.522,99.167,99.535,100.00,102.59,107.77
,01 식료품 및 비주류음료,57.565,60.915,63.054,62.329,63.038,65.750,71.724,77.556,82.655,86.475,88.408,88.994,89.297,91.224,92.987,95.742,95.967,100.00,105.12,110.66
,02 주류 및 담배,51.576,52.262,60.083,59.953,60.088,60.539,61.745,61.841,62.191,63.175,64.364,64.252,97.171,97.735,99.126,99.437,99.723,100.00,100.07,103.02
,03 의류 및 신발,68.952,68.910,69.501,71.337,73.347,75.368,79.266,81.496,84.172,88.422,91.334,95.000,96.208,97.993,99.105,100.149,99.819,100.00,100.50,103.59
,"04 주택, 수도, 전기 및 연료",76.400,78.461,80.185,82.310,83.921,88.566,87.690,89.462,92.846,96.104,98.611,100.211,97.157,95.670,97.946,98.832,100.057,100.00,101.71,108.69
,05 가정용품 및 가사 서비스,73.049,73.066,72.914,72.489,74.537,77.514,82.879,84.306,87.102,88.641,89.503,90.576,92.786,93.675,94.544,96.846,99.825,100.00,102.14,107.16
,06 보건,80.307,81.233,83.154,84.637,85.850,87.603,90.618,92.156,93.600,95.090,96.065,96.455,97.391,98.374,99.137,99.039,98.883,100.00,100.21,100.47
,07 교통,80.858,82.749,86.201,90.295,93.642,102.600,98.017,102.957,110.920,113.332,112.483,110.523,100.082,97.511,100.789,103.855,101.601,100.00,107.31,119.09
,08 통신,120.930,118.899,116.707,114.996,112.545,110.901,110.726,109.560,107.835,104.976,104.914,104.923,104.826,104.921,105.254,104.395,102.041,100.00,98.77,99.79
,09 오락 및 문화,95.512,95.479,95.286,92.879,91.466,92.562,94.738,95.326,96.223,96.389,97.715,98.466,98.345,100.032,100.329,100.706,100.408,100.00,100.57,103.10
,10 교육,67.928,71.325,74.604,79.510,84.795,89.606,91.813,93.787,95.358,95.248,95.447,97.368,98.508,99.866,100.194,102.684,102.726,100.00,100.62,101.13
,11 음식 및 숙박,65.520,68.320,70.437,72.286,73.213,76.858,78.966,81.050,84.866,84.419,86.653,88.076,91.560,94.008,95.032,97.645,99.475,100.00,102.78,109.54
,12 기타 상품 및 서비스,60.936,62.848,65.342,69.028,72.192,78.601,83.164,85.680,88.579,84.253,85.186,86.948,88.926,92.097,94.748,95.668,98.122,100.00,102.20,108.05
　　　제주특별자치도,0 총지수,70.402,73.223,75.058,76.503,78.135,82.131,83.620,86.446,90.156,91.257,92.519,93.550,94.149,95.366,97.553,99.252,99.574,100.00,102.63,108.71
,01 식료품 및 비주류음료,53.056,57.331,58.296,57.883,59.748,63.460,68.498,72.521,79.495,83.403,84.917,85.686,87.849,89.968,92.290,95.928,96.679,100.00,105.99,112.66
,02 주류 및 담배,53.363,54.117,61.591,61.406,61.622,61.775,62.243,62.510,63.354,64.276,65.122,65.079,97.366,97.728,98.892,99.160,99.804,100.00,99.95,101.34
,03 의류 및 신발,69.004,69.271,70.002,71.689,73.486,75.405,79.151,81.830,84.448,88.287,90.722,94.453,95.795,97.835,98.942,100.081,100.208,100.00,100.46,103.68
,"04 주택, 수도, 전기 및 연료",72.522,75.693,77.824,78.815,79.782,85.249,81.805,85.041,90.150,93.242,95.830,97.084,95.056,95.169,97.908,100.183,100.772,100.00,102.02,108.86
,05 가정용품 및 가사 서비스,72.140,73.637,73.699,74.541,75.615,78.827,82.677,83.420,86.534,88.607,88.956,90.818,93.361,94.535,95.876,97.699,99.922,100.00,102.33,107.50
,06 보건,79.771,81.147,83.021,84.703,87.054,88.252,90.244,91.864,92.982,93.685,94.263,94.999,96.125,97.228,97.947,97.861,98.225,100.00,100.40,101.02
,07 교통,78.787,81.945,85.576,89.197,90.667,100.028,95.828,101.194,107.916,110.156,110.094,108.837,100.508,97.837,101.952,103.452,101.981,100.00,105.77,119.55
,08 통신,121.854,119.984,117.867,116.109,113.330,111.630,111.463,110.438,108.663,105.857,105.558,105.333,104.905,105.000,105.350,104.454,102.095,100.00,98.76,99.78
,09 오락 및 문화,99.521,99.097,98.306,95.611,93.210,94.373,96.774,97.781,97.749,97.406,98.073,98.323,97.931,100.073,100.378,100.860,100.324,100.00,100.41,103.51
,10 교육,68.425,71.909,73.704,78.139,81.842,85.380,86.326,90.255,90.707,91.166,94.213,95.332,95.908,96.776,97.282,98.440,100.184,100.00,99.36,99.91
,11 음식 및 숙박,65.530,67.781,69.695,70.705,71.785,75.172,78.052,79.633,82.983,83.913,85.429,87.547,89.377,92.571,95.519,97.761,98.832,100.00,102.96,110.85
,12 기타 상품 및 서비스,65.865,68.824,70.748,74.940,79.687,85.359,89.327,91.186,94.233,84.195,83.635,85.768,88.680,92.122,96.035,97.126,98.123,100.00,102.54,109.33
